"id","account_id","application_id","config_item_id","application_version","created_at","updated_at"
767,44,322,1000007746,"4.2.06014","2017-11-30 13:32:35","2017-11-30 13:32:35"
769,44,324,1000007747,12,"2017-11-30 13:35:10","2017-11-30 13:35:10"
770,44,325,1000007747,12,"2017-11-30 13:35:10","2017-11-30 13:35:10"
771,44,326,1000007747,"2.2.0","2017-11-30 13:35:10","2017-11-30 13:35:10"
772,44,327,1000007747,"2.2.0","2017-11-30 13:35:10","2017-11-30 13:35:10"
773,44,328,1000007747,1.0,"2017-11-30 13:35:10","2017-11-30 13:35:10"
775,44,329,1000007747,"","2017-11-30 13:35:10","2017-11-30 13:35:10"
780,44,330,1000007747,"27.0.0.130","2017-11-30 13:35:10","2017-11-30 13:35:10"
781,44,331,1000007747,"2.2.6.4","2017-11-30 13:35:10","2017-11-30 13:35:10"
787,44,332,1000007747,"4.9.5957","2017-11-30 13:35:10","2017-11-30 13:35:10"
847,44,334,1000007752,"","2017-11-30 14:44:47","2017-11-30 14:44:47"
849,44,335,1000007752,"2.5.4","2017-11-30 14:44:47","2017-11-30 14:44:47"
850,44,336,1000007752,"3.3.1.2","2017-11-30 14:44:47","2017-11-30 14:44:47"
1381,44,336,1000007815,"3.3.1.1","2017-12-01 12:58:46","2017-12-01 12:58:46"
851,44,337,1000007752,"2.2.25420","2017-11-30 14:44:47","2017-11-30 14:44:47"
852,44,338,1000007752,"10.0.30319","2017-11-30 14:44:47","2017-11-30 14:44:47"
822,44,341,1000007750,"17.009.20044","2017-11-30 14:00:43","2017-11-30 14:00:43"
1487,44,341,1000007815,"18.009.20050","2017-12-01 12:58:49","2017-12-01 12:58:49"
837,44,342,1000007750,"2.0.12","2017-11-30 14:00:44","2017-11-30 14:00:44"
853,44,346,1000007752,"10.0.40219","2017-11-30 15:07:24","2017-11-30 15:07:24"
854,44,347,1000007752,"9.0.30729","2017-11-30 15:07:24","2017-11-30 15:07:24"
855,44,348,1000007752,"56.0.1.6484","2017-11-30 15:07:24","2017-11-30 15:07:24"
1383,44,348,1000007815,"56.0.2.6506","2017-12-01 12:58:46","2017-12-01 12:58:46"
856,44,349,1000007752,"4.0.551","2017-11-30 15:07:24","2017-11-30 15:07:24"
857,44,350,1000007752,"7.5.1","2017-11-30 15:07:24","2017-11-30 15:07:24"
1384,44,350,1000007815,"7.3.3","2017-12-01 12:58:46","2017-12-01 12:58:46"
858,44,351,1000007752,"4.2.1","2017-11-30 15:07:24","2017-11-30 15:07:24"
859,44,352,1000007752,"","2017-11-30 15:07:25","2017-11-30 15:07:25"
860,44,353,1000007752,"3.8.3.1","2017-11-30 15:07:25","2017-11-30 15:07:25"
861,44,354,1000007752,"11.0.0.1","2017-11-30 15:07:25","2017-11-30 15:07:25"
862,44,355,1000007752,8.0,"2017-11-30 15:07:25","2017-11-30 15:07:25"
863,44,356,1000007752,"5.40.0","2017-11-30 15:07:25","2017-11-30 15:07:25"
864,44,357,1000007752,"","2017-11-30 15:07:25","2017-11-30 15:07:25"
865,44,358,1000007752,"14.0.24210","2017-11-30 15:07:25","2017-11-30 15:07:25"
866,44,359,1000007752,"14.0.23107","2017-11-30 15:07:25","2017-11-30 15:07:25"
867,44,360,1000007752,"4.6.00127","2017-11-30 15:07:25","2017-11-30 15:07:25"
868,44,361,1000007752,"10.1.14393.0","2017-11-30 15:07:26","2017-11-30 15:07:26"
869,44,362,1000007752,"14.0.23025","2017-11-30 15:07:26","2017-11-30 15:07:26"
870,44,363,1000007752,"10.1.14393.0","2017-11-30 15:07:26","2017-11-30 15:07:26"
871,44,364,1000007752,"4.0.50826.0","2017-11-30 15:07:26","2017-11-30 15:07:26"
872,44,365,1000007752,"12.0.2402.29","2017-11-30 15:07:26","2017-11-30 15:07:26"
873,44,366,1000007752,"10.50.1750.9","2017-11-30 15:07:26","2017-11-30 15:07:26"
874,44,367,1000007752,"14.0.25431.01","2017-11-30 15:07:26","2017-11-30 15:07:26"
875,44,368,1000007752,"5.6.62175.4","2017-11-30 15:07:26","2017-11-30 15:07:26"
876,44,369,1000007752,"10.0.40219","2017-11-30 15:07:26","2017-11-30 15:07:26"
877,44,370,1000007752,"10.1.14393.0","2017-11-30 15:07:26","2017-11-30 15:07:26"
878,44,371,1000007752,"14.0.25420","2017-11-30 15:07:26","2017-11-30 15:07:26"
879,44,372,1000007752,"1.0.3010.0","2017-11-30 15:07:26","2017-11-30 15:07:26"
880,44,373,1000007752,"7.0.20622.1","2017-11-30 15:07:27","2017-11-30 15:07:27"
881,44,374,1000007752,"13.0.1601.5","2017-11-30 15:07:27","2017-11-30 15:07:27"
882,44,375,1000007752,"14.0.25420","2017-11-30 15:07:27","2017-11-30 15:07:27"
883,44,376,1000007752,"14.0.25420","2017-11-30 15:07:27","2017-11-30 15:07:27"
884,44,377,1000007752,"4.0.8080.0","2017-11-30 15:07:27","2017-11-30 15:07:27"
885,44,378,1000007752,"14.0.25420","2017-11-30 15:07:27","2017-11-30 15:07:27"
886,44,379,1000007752,"14.0.23107","2017-11-30 15:07:27","2017-11-30 15:07:27"
887,44,380,1000007752,"14.0.23107","2017-11-30 15:07:27","2017-11-30 15:07:27"
888,44,381,1000007752,"12.0.21005","2017-11-30 15:07:28","2017-11-30 15:07:28"
1400,44,381,1000007815,"12.0.21005","2017-12-01 12:58:47","2017-12-01 12:58:47"
889,44,382,1000007752,"10.0.40219","2017-11-30 15:07:28","2017-11-30 15:07:28"
890,44,383,1000007752,"14.0.25527","2017-11-30 15:07:28","2017-11-30 15:07:28"
891,44,384,1000007752,"14.0.25420","2017-11-30 15:07:28","2017-11-30 15:07:28"
892,44,385,1000007752,"3.11.50727","2017-11-30 15:07:28","2017-11-30 15:07:28"
894,44,386,1000007752,"14.0.23107","2017-11-30 15:07:28","2017-11-30 15:07:28"
895,44,387,1000007752,"4.5.51641","2017-11-30 15:07:28","2017-11-30 15:07:28"
896,44,388,1000007752,"4.5.51651","2017-11-30 15:07:28","2017-11-30 15:07:28"
897,44,389,1000007752,"3.11.1528","2017-11-30 15:07:29","2017-11-30 15:07:29"
898,44,390,1000007752,"5.0.2500.0","2017-11-30 15:07:29","2017-11-30 15:07:29"
899,44,391,1000007752,1,"2017-11-30 15:07:29","2017-11-30 15:07:29"
900,44,392,1000007752,"14.0.23107","2017-11-30 15:07:29","2017-11-30 15:07:29"
901,44,393,1000007752,"10.1.14393.0","2017-11-30 15:07:29","2017-11-30 15:07:29"
902,44,394,1000007752,"2.7.30611.1601","2017-11-30 15:07:29","2017-11-30 15:07:29"
903,44,395,1000007752,"9.0.30729.4148","2017-11-30 15:07:29","2017-11-30 15:07:29"
1404,44,395,1000007815,"9.0.30729.4148","2017-12-01 12:58:47","2017-12-01 12:58:47"
904,44,396,1000007752,"3.0.40818.0","2017-11-30 15:07:29","2017-11-30 15:07:29"
905,44,397,1000007752,"12.0.2000.8","2017-11-30 15:07:29","2017-11-30 15:07:29"
1463,44,397,1000007815,"11.0.2100.60","2017-12-01 12:58:48","2017-12-01 12:58:48"
906,44,398,1000007752,"14.0.25431","2017-11-30 15:07:29","2017-11-30 15:07:29"
907,44,399,1000007752,"10.1.14393.0","2017-11-30 15:07:30","2017-11-30 15:07:30"
908,44,400,1000007752,"1.0.2","2017-11-30 15:07:30","2017-11-30 15:07:30"
909,44,401,1000007752,"12.0.2000.8","2017-11-30 15:07:30","2017-11-30 15:07:30"
910,44,402,1000007752,"4.5.51209","2017-11-30 15:07:30","2017-11-30 15:07:30"
911,44,403,1000007752,"14.0.41103.0","2017-11-30 15:07:30","2017-11-30 15:07:30"
912,44,404,1000007752,"10.1.14393.0","2017-11-30 15:07:30","2017-11-30 15:07:30"
913,44,405,1000007752,"4.6.00081","2017-11-30 15:07:30","2017-11-30 15:07:30"
914,44,406,1000007752,"3.4.4.1321","2017-11-30 15:07:30","2017-11-30 15:07:30"
915,44,407,1000007752,"3.0.0","2017-11-30 15:07:31","2017-11-30 15:07:31"
916,44,408,1000007752,"3.11.1528","2017-11-30 15:07:31","2017-11-30 15:07:31"
917,44,409,1000007752,"4.6.01055","2017-11-30 15:07:31","2017-11-30 15:07:31"
918,44,410,1000007752,"10.0.40219","2017-11-30 15:07:31","2017-11-30 15:07:31"
919,44,411,1000007752,1,"2017-11-30 15:07:31","2017-11-30 15:07:31"
920,44,412,1000007752,1,"2017-11-30 15:07:31","2017-11-30 15:07:31"
921,44,413,1000007752,1,"2017-11-30 15:07:31","2017-11-30 15:07:31"
922,44,414,1000007752,1,"2017-11-30 15:07:32","2017-11-30 15:07:32"
923,44,415,1000007752,1,"2017-11-30 15:07:32","2017-11-30 15:07:32"
924,44,416,1000007752,1,"2017-11-30 15:07:32","2017-11-30 15:07:32"
925,44,417,1000007752,1,"2017-11-30 15:07:32","2017-11-30 15:07:32"
926,44,418,1000007752,1,"2017-11-30 15:07:32","2017-11-30 15:07:32"
927,44,419,1000007752,1,"2017-11-30 15:07:32","2017-11-30 15:07:32"
928,44,420,1000007752,1,"2017-11-30 15:07:32","2017-11-30 15:07:32"
929,44,421,1000007752,"14.0.25431","2017-11-30 15:07:32","2017-11-30 15:07:32"
930,44,422,1000007752,"10.1.14393.0","2017-11-30 15:07:33","2017-11-30 15:07:33"
931,44,423,1000007752,"1.6.2.0","2017-11-30 15:07:33","2017-11-30 15:07:33"
932,44,424,1000007752,"14.0.25420","2017-11-30 15:07:33","2017-11-30 15:07:33"
933,44,425,1000007752,"14.0.25420","2017-11-30 15:07:33","2017-11-30 15:07:33"
934,44,426,1000007752,"3.0.40218.0","2017-11-30 15:07:33","2017-11-30 15:07:33"
935,44,427,1000007752,"10.1.14393.0","2017-11-30 15:07:33","2017-11-30 15:07:33"
936,44,428,1000007752,"3.5.8080.0","2017-11-30 15:07:33","2017-11-30 15:07:33"
937,44,429,1000007752,"10.1.14393.0","2017-11-30 15:07:33","2017-11-30 15:07:33"
938,44,430,1000007752,"11.0.60610","2017-11-30 15:07:33","2017-11-30 15:07:33"
939,44,431,1000007752,"2.0.50217.0","2017-11-30 15:07:33","2017-11-30 15:07:33"
940,44,432,1000007752,"14.0.25431","2017-11-30 15:07:34","2017-11-30 15:07:34"
941,44,433,1000007752,"14.0.23107","2017-11-30 15:07:34","2017-11-30 15:07:34"
942,44,434,1000007752,"14.0.25527","2017-11-30 15:07:34","2017-11-30 15:07:34"
943,44,435,1000007752,"1.2.5134.1","2017-11-30 15:07:34","2017-11-30 15:07:34"
944,44,436,1000007752,"14.0.25123","2017-11-30 15:07:34","2017-11-30 15:07:34"
945,44,437,1000007752,"4.1.41102.0","2017-11-30 15:07:34","2017-11-30 15:07:34"
946,44,438,1000007752,"10.1.14393.0","2017-11-30 15:07:34","2017-11-30 15:07:34"
947,44,439,1000007752,"4.6.1055","2017-11-30 15:07:34","2017-11-30 15:07:34"
948,44,440,1000007752,"1.8.34.0","2017-11-30 15:07:34","2017-11-30 15:07:34"
949,44,441,1000007752,"12.0.2000.8","2017-11-30 15:07:34","2017-11-30 15:07:34"
950,44,442,1000007752,"14.0.23025","2017-11-30 15:07:34","2017-11-30 15:07:34"
951,44,443,1000007752,"14.0.23107","2017-11-30 15:07:34","2017-11-30 15:07:34"
952,44,444,1000007752,"9.0.1.0","2017-11-30 15:07:35","2017-11-30 15:07:35"
1420,44,444,1000007815,"2.8.131.11","2017-12-01 12:58:47","2017-12-01 12:58:47"
953,44,445,1000007752,"14.0.25123","2017-11-30 15:07:35","2017-11-30 15:07:35"
954,44,446,1000007752,"14.0.23025","2017-11-30 15:07:35","2017-11-30 15:07:35"
955,44,447,1000007752,"10.1.14393.0","2017-11-30 15:07:35","2017-11-30 15:07:35"
956,44,448,1000007752,"2.4.0","2017-11-30 15:07:35","2017-11-30 15:07:35"
1422,44,448,1000007815,"2.4.0","2017-12-01 12:58:47","2017-12-01 12:58:47"
957,44,449,1000007752,"14.0.60519.0","2017-11-30 15:07:35","2017-11-30 15:07:35"
958,44,450,1000007752,"14.0.23205","2017-11-30 15:07:35","2017-11-30 15:07:35"
959,44,451,1000007752,"14.0.25420","2017-11-30 15:07:35","2017-11-30 15:07:35"
960,44,452,1000007752,"14.0.25420","2017-11-30 15:07:35","2017-11-30 15:07:35"
961,44,453,1000007752,"3.11.1528","2017-11-30 15:07:35","2017-11-30 15:07:35"
962,44,454,1000007752,"10.1.14393.0","2017-11-30 15:07:36","2017-11-30 15:07:36"
963,44,455,1000007752,"1.4.30611.1601","2017-11-30 15:07:36","2017-11-30 15:07:36"
964,44,456,1000007752,"8.100.26936","2017-11-30 15:07:36","2017-11-30 15:07:36"
965,44,457,1000007752,"4.5.50710","2017-11-30 15:07:36","2017-11-30 15:07:36"
966,44,458,1000007752,"6.0.0.7035","2017-11-30 15:07:36","2017-11-30 15:07:36"
1424,44,458,1000007815,"6.0.0.6649","2017-12-01 12:58:47","2017-12-01 12:58:47"
967,44,459,1000007752,"14.0.23107","2017-11-30 15:07:36","2017-11-30 15:07:36"
968,44,460,1000007752,"10.1.14393.0","2017-11-30 15:07:36","2017-11-30 15:07:36"
969,44,461,1000007752,"10.0.40219","2017-11-30 15:07:38","2017-11-30 15:07:38"
1427,44,461,1000007815,"10.0.40219","2017-12-01 12:58:47","2017-12-01 12:58:47"
970,44,462,1000007752,"4.6.01590","2017-11-30 15:07:38","2017-11-30 15:07:38"
971,44,463,1000007752,"5.22.0.3788","2017-11-30 15:07:38","2017-11-30 15:07:38"
972,44,464,1000007752,"14.1.11107.0","2017-11-30 15:07:38","2017-11-30 15:07:38"
973,44,465,1000007752,"1.3.33.7","2017-11-30 15:07:38","2017-11-30 15:07:38"
1429,44,465,1000007815,"1.3.33.7","2017-12-01 12:58:47","2017-12-01 12:58:47"
974,44,466,1000007752,"14.0.24210","2017-11-30 15:07:38","2017-11-30 15:07:38"
975,44,467,1000007752,"10.1.14393.0","2017-11-30 15:07:39","2017-11-30 15:07:39"
976,44,468,1000007752,"4.1.41102.0","2017-11-30 15:07:39","2017-11-30 15:07:39"
977,44,469,1000007752,"14.0.23025","2017-11-30 15:07:39","2017-11-30 15:07:39"
978,44,470,1000007752,"14.0.23107","2017-11-30 15:07:39","2017-11-30 15:07:39"
979,44,471,1000007752,"14.0.25420.1","2017-11-30 15:07:39","2017-11-30 15:07:39"
980,44,472,1000007752,"14.0.25431","2017-11-30 15:07:39","2017-11-30 15:07:39"
981,44,473,1000007752,"14.0.24215","2017-11-30 15:07:39","2017-11-30 15:07:39"
1433,44,473,1000007815,"14.0.24215","2017-12-01 12:58:47","2017-12-01 12:58:47"
982,44,474,1000007752,"4.5.50932","2017-11-30 15:07:39","2017-11-30 15:07:39"
983,44,475,1000007752,"14.0.25420","2017-11-30 15:07:39","2017-11-30 15:07:39"
984,44,476,1000007752,1,"2017-11-30 15:07:39","2017-11-30 15:07:39"
985,44,477,1000007752,"10.0.30319","2017-11-30 15:07:39","2017-11-30 15:07:39"
986,44,478,1000007752,"10.1.14393.0","2017-11-30 15:07:39","2017-11-30 15:07:39"
987,44,479,1000007752,"10.1.14393.0","2017-11-30 15:07:39","2017-11-30 15:07:39"
988,44,480,1000007752,"14.0.25420","2017-11-30 15:07:39","2017-11-30 15:07:39"
989,44,481,1000007752,"10.50.1750.9","2017-11-30 15:07:39","2017-11-30 15:07:39"
1440,44,481,1000007815,"10.51.2500.0","2017-12-01 12:58:48","2017-12-01 12:58:48"
990,44,482,1000007752,"1.0.25420.01","2017-11-30 15:07:39","2017-11-30 15:07:39"
991,44,483,1000007752,"10.50.1750.9","2017-11-30 15:07:39","2017-11-30 15:07:39"
992,44,484,1000007752,"14.0.25420","2017-11-30 15:07:39","2017-11-30 15:07:39"
993,44,485,1000007752,"14.102.25619","2017-11-30 15:07:40","2017-11-30 15:07:40"
994,44,486,1000007752,"14.0.24210","2017-11-30 15:07:40","2017-11-30 15:07:40"
995,44,487,1000007752,"12.0.21005.1","2017-11-30 15:07:40","2017-11-30 15:07:40"
996,44,488,1000007752,"14.0.23107","2017-11-30 15:07:40","2017-11-30 15:07:40"
997,44,489,1000007752,"14.0.25431","2017-11-30 15:07:40","2017-11-30 15:07:40"
998,44,490,1000007752,"10.1.14393.0","2017-11-30 15:07:40","2017-11-30 15:07:40"
999,44,491,1000007752,"13.0.1601.5","2017-11-30 15:07:40","2017-11-30 15:07:40"
1000,44,492,1000007752,"3.1.3790.0000","2017-11-30 15:07:40","2017-11-30 15:07:40"
1001,44,493,1000007752,"10.50.1750.9","2017-11-30 15:07:40","2017-11-30 15:07:40"
1496,44,493,1000007815,"10.51.2500.0","2017-12-01 12:58:49","2017-12-01 12:58:49"
1002,44,494,1000007752,"14.0.25431","2017-11-30 15:07:40","2017-11-30 15:07:40"
1003,44,495,1000007752,"14.0.25420","2017-11-30 15:07:40","2017-11-30 15:07:40"
1004,44,496,1000007752,"4.6.01055","2017-11-30 15:07:40","2017-11-30 15:07:40"
1005,44,497,1000007752,"14.0.25420","2017-11-30 15:07:40","2017-11-30 15:07:40"
1006,44,498,1000007752,"13.0.14500.10","2017-11-30 15:07:40","2017-11-30 15:07:40"
1007,44,499,1000007752,"14.0.25420","2017-11-30 15:07:40","2017-11-30 15:07:40"
1008,44,500,1000007752,"14.0.25420","2017-11-30 15:07:40","2017-11-30 15:07:40"
1009,44,501,1000007752,"4.6.01055","2017-11-30 15:07:40","2017-11-30 15:07:40"
1010,44,502,1000007752,"14.0.25420","2017-11-30 15:07:40","2017-11-30 15:07:40"
1011,44,503,1000007752,"12.0.6012.5000","2017-11-30 15:07:40","2017-11-30 15:07:40"
1476,44,503,1000007815,"12.0.6012.5000","2017-12-01 12:58:48","2017-12-01 12:58:48"
1012,44,504,1000007752,"11.0.60610.1","2017-11-30 15:07:40","2017-11-30 15:07:40"
1013,44,505,1000007752,"4.5.21005","2017-11-30 15:07:41","2017-11-30 15:07:41"
1014,44,506,1000007752,"10.1.14393.0","2017-11-30 15:07:41","2017-11-30 15:07:41"
1015,44,507,1000007752,"3.11.1528","2017-11-30 15:07:41","2017-11-30 15:07:41"
1016,44,508,1000007752,"2.0.20525.0","2017-11-30 15:07:41","2017-11-30 15:07:41"
1017,44,509,1000007752,"9.0.30729.6161","2017-11-30 15:07:41","2017-11-30 15:07:41"
1018,44,510,1000007752,"10.1.14393.0","2017-11-30 15:07:41","2017-11-30 15:07:41"
1019,44,511,1000007752,"10.1.14393.0","2017-11-30 15:07:41","2017-11-30 15:07:41"
1020,44,512,1000007752,"14.0.23107","2017-11-30 15:07:41","2017-11-30 15:07:41"
1021,44,513,1000007752,"2.0.20908.0","2017-11-30 15:07:41","2017-11-30 15:07:41"
1022,44,514,1000007752,"4.6.01590","2017-11-30 15:07:41","2017-11-30 15:07:41"
1023,44,515,1000007752,"11.0.60610.1","2017-11-30 15:07:41","2017-11-30 15:07:41"
1024,44,516,1000007752,"8.100.25984","2017-11-30 15:07:41","2017-11-30 15:07:41"
1025,44,517,1000007752,"4.5.21005","2017-11-30 15:07:41","2017-11-30 15:07:41"
1026,44,518,1000007752,"10.1.14393.0","2017-11-30 15:07:41","2017-11-30 15:07:41"
1027,44,519,1000007752,"14.102.25619","2017-11-30 15:07:41","2017-11-30 15:07:41"
1028,44,520,1000007752,"14.0.25420","2017-11-30 15:07:41","2017-11-30 15:07:41"
1029,44,521,1000007752,"14.0.25420","2017-11-30 15:07:41","2017-11-30 15:07:41"
1030,44,522,1000007752,"14.0.25420","2017-11-30 15:07:41","2017-11-30 15:07:41"
1031,44,523,1000007752,"3.11.1528","2017-11-30 15:07:41","2017-11-30 15:07:41"
1032,44,524,1000007752,"10.1.14393.0","2017-11-30 15:07:42","2017-11-30 15:07:42"
1033,44,525,1000007752,"14.0.25431","2017-11-30 15:07:42","2017-11-30 15:07:42"
1034,44,526,1000007752,"14.0.25420","2017-11-30 15:07:42","2017-11-30 15:07:42"
1035,44,527,1000007752,"14.0.25420","2017-11-30 15:07:42","2017-11-30 15:07:42"
1036,44,528,1000007752,"12.51.0.240","2017-11-30 15:07:42","2017-11-30 15:07:42"
1037,44,529,1000007752,"3.11.1528","2017-11-30 15:07:42","2017-11-30 15:07:42"
1038,44,530,1000007752,"10.1.2512.8","2017-11-30 15:07:42","2017-11-30 15:07:42"
1039,44,531,1000007752,"14.0.25420.01","2017-11-30 15:07:42","2017-11-30 15:07:42"
1040,44,532,1000007752,"10.1.14393.0","2017-11-30 15:07:42","2017-11-30 15:07:42"
1041,44,533,1000007752,"14.0.25431","2017-11-30 15:07:42","2017-11-30 15:07:42"
1042,44,534,1000007752,"10.1.14393.0","2017-11-30 15:07:42","2017-11-30 15:07:42"
1043,44,535,1000007752,"9.0.1.0","2017-11-30 15:07:42","2017-11-30 15:07:42"
1044,44,536,1000007752,"14.0.23102","2017-11-30 15:07:42","2017-11-30 15:07:42"
1045,44,537,1000007752,"4.6.00081","2017-11-30 15:07:42","2017-11-30 15:07:42"
1046,44,538,1000007752,"14.0.23205","2017-11-30 15:07:42","2017-11-30 15:07:42"
1047,44,539,1000007752,"9.0.30729.4974","2017-11-30 15:07:42","2017-11-30 15:07:42"
1490,44,539,1000007815,"9.0.30729.4974","2017-12-01 12:58:49","2017-12-01 12:58:49"
1048,44,540,1000007752,"10.1.14393.0","2017-11-30 15:07:42","2017-11-30 15:07:42"
1049,44,541,1000007752,"1.8.36.0","2017-11-30 15:07:42","2017-11-30 15:07:42"
1050,44,542,1000007752,"14.0.25420","2017-11-30 15:07:42","2017-11-30 15:07:42"
1051,44,543,1000007752,"14.0.24215","2017-11-30 15:07:42","2017-11-30 15:07:42"
1491,44,543,1000007815,"14.0.24215","2017-12-01 12:58:49","2017-12-01 12:58:49"
1052,44,544,1000007752,"10.50.1750.9","2017-11-30 15:07:42","2017-11-30 15:07:42"
1053,44,545,1000007752,"14.0.25420","2017-11-30 15:07:43","2017-11-30 15:07:43"
1054,44,546,1000007752,"10.1.14393.0","2017-11-30 15:07:43","2017-11-30 15:07:43"
1055,44,547,1000007752,"14.0.25420","2017-11-30 15:07:43","2017-11-30 15:07:43"
1056,44,548,1000007752,"10.1.14393.0","2017-11-30 15:07:43","2017-11-30 15:07:43"
1057,44,549,1000007752,"14.0.25420","2017-11-30 15:07:43","2017-11-30 15:07:43"
1058,44,550,1000007752,"10.1.2531.0","2017-11-30 15:07:43","2017-11-30 15:07:43"
1059,44,551,1000007752,"4.6.01590","2017-11-30 15:07:43","2017-11-30 15:07:43"
1060,44,552,1000007752,"14.0.24215","2017-11-30 15:07:43","2017-11-30 15:07:43"
1061,44,553,1000007752,"5.2.40314.0","2017-11-30 15:07:43","2017-11-30 15:07:43"
1062,44,554,1000007752,"8.0.14382","2017-11-30 15:07:43","2017-11-30 15:07:43"
1063,44,555,1000007752,"3.11.0.1528","2017-11-30 15:07:43","2017-11-30 15:07:43"
1064,44,556,1000007752,"10.1.14393.0","2017-11-30 15:07:43","2017-11-30 15:07:43"
1065,44,557,1000007752,"12.0.21005.1","2017-11-30 15:07:43","2017-11-30 15:07:43"
1066,44,558,1000007752,"14.0.23102","2017-11-30 15:07:43","2017-11-30 15:07:43"
1067,44,559,1000007752,"4.0.30319","2017-11-30 15:07:43","2017-11-30 15:07:43"
1501,44,559,1000007815,"4.0.30319","2017-12-01 12:58:49","2017-12-01 12:58:49"
1068,44,560,1000007752,"14.0.25420","2017-11-30 15:07:43","2017-11-30 15:07:43"
1069,44,561,1000007752,"4.5.50932","2017-11-30 15:07:43","2017-11-30 15:07:43"
1070,44,562,1000007752,"10.1.14393.0","2017-11-30 15:07:43","2017-11-30 15:07:43"
1071,44,563,1000007752,1,"2017-11-30 15:07:43","2017-11-30 15:07:43"
1072,44,564,1000007752,1,"2017-11-30 15:07:43","2017-11-30 15:07:43"
1073,44,565,1000007752,1,"2017-11-30 15:07:43","2017-11-30 15:07:43"
1074,44,566,1000007752,1,"2017-11-30 15:07:43","2017-11-30 15:07:43"
1075,44,567,1000007752,1,"2017-11-30 15:07:43","2017-11-30 15:07:43"
1076,44,568,1000007752,1,"2017-11-30 15:07:43","2017-11-30 15:07:43"
1077,44,569,1000007752,1,"2017-11-30 15:07:44","2017-11-30 15:07:44"
1078,44,570,1000007752,1,"2017-11-30 15:07:44","2017-11-30 15:07:44"
1079,44,571,1000007752,1,"2017-11-30 15:07:44","2017-11-30 15:07:44"
1080,44,572,1000007752,"14.0.25420","2017-11-30 15:07:44","2017-11-30 15:07:44"
1081,44,573,1000007752,"14.0.24215.1","2017-11-30 15:07:44","2017-11-30 15:07:44"
1082,44,574,1000007752,"14.0.25431","2017-11-30 15:07:44","2017-11-30 15:07:44"
1083,44,575,1000007752,"4.1.60114.0","2017-11-30 15:07:44","2017-11-30 15:07:44"
1084,44,576,1000007752,"10.1.14393.0","2017-11-30 15:07:44","2017-11-30 15:07:44"
1085,44,577,1000007752,"5.6.62175.4","2017-11-30 15:07:44","2017-11-30 15:07:44"
1086,44,578,1000007752,"2.0.60926.0","2017-11-30 15:07:44","2017-11-30 15:07:44"
1087,44,579,1000007752,"14.0.23107","2017-11-30 15:07:44","2017-11-30 15:07:44"
1088,44,580,1000007752,"1.0.23902","2017-11-30 15:07:44","2017-11-30 15:07:44"
1089,44,581,1000007752,"14.0.23025","2017-11-30 15:07:44","2017-11-30 15:07:44"
1090,44,582,1000007752,"14.0.25420","2017-11-30 15:07:44","2017-11-30 15:07:44"
1091,44,583,1000007752,"14.0.24215.1","2017-11-30 15:07:44","2017-11-30 15:07:44"
1509,44,583,1000007815,"14.0.24215.1","2017-12-01 12:58:49","2017-12-01 12:58:49"
1092,44,584,1000007752,"14.0.23107","2017-11-30 15:07:44","2017-11-30 15:07:44"
1093,44,585,1000007752,"10.1.14393.0","2017-11-30 15:07:44","2017-11-30 15:07:44"
1094,44,586,1000007752,"11.0.60610","2017-11-30 15:07:44","2017-11-30 15:07:44"
1095,44,587,1000007752,"4.6.1590","2017-11-30 15:07:44","2017-11-30 15:07:44"
1096,44,588,1000007752,"3.0.5305.0","2017-11-30 15:07:44","2017-11-30 15:07:44"
1097,44,589,1000007752,"14.0.25420","2017-11-30 15:07:44","2017-11-30 15:07:44"
1098,44,590,1000007752,"14.0.25420","2017-11-30 15:07:44","2017-11-30 15:07:44"
1099,44,591,1000007752,"1.8.40521.1","2017-11-30 15:07:45","2017-11-30 15:07:45"
1100,44,592,1000007752,"10.0.40219","2017-11-30 15:07:45","2017-11-30 15:07:45"
1513,44,592,1000007815,"10.0.40219","2017-12-01 12:58:49","2017-12-01 12:58:49"
1101,44,593,1000007752,"22.20.16.4799","2017-11-30 15:07:45","2017-11-30 15:07:45"
1514,44,593,1000007815,"10.18.10.3412","2017-12-01 12:58:49","2017-12-01 12:58:49"
1102,44,594,1000007752,"6.0.1.6111","2017-11-30 15:07:45","2017-11-30 15:07:45"
1103,44,595,1000007752,"3.11.1528","2017-11-30 15:07:45","2017-11-30 15:07:45"
1104,44,596,1000007752,"14.0.25431","2017-11-30 15:07:45","2017-11-30 15:07:45"
1105,44,597,1000007752,"13.0.1601.5","2017-11-30 15:07:45","2017-11-30 15:07:45"
1106,44,598,1000007752,"10.1.14393.0","2017-11-30 15:07:45","2017-11-30 15:07:45"
1107,44,599,1000007752,"12.0.21005","2017-11-30 15:07:45","2017-11-30 15:07:45"
1518,44,599,1000007815,"12.0.21005","2017-12-01 12:58:49","2017-12-01 12:58:49"
1108,44,600,1000007752,"10.1.14393.0","2017-11-30 15:07:45","2017-11-30 15:07:45"
1109,44,601,1000007752,"14.0.23107","2017-11-30 15:07:45","2017-11-30 15:07:45"
1110,44,602,1000007752,"14.0.23107","2017-11-30 15:07:45","2017-11-30 15:07:45"
1111,44,603,1000007752,"14.0.25431","2017-11-30 15:07:45","2017-11-30 15:07:45"
1112,44,604,1000007752,"1.0.0.7","2017-11-30 15:07:45","2017-11-30 15:07:45"
1113,44,605,1000007752,"10.1.2531.0","2017-11-30 15:07:45","2017-11-30 15:07:45"
1114,44,606,1000007752,"1.1.40219","2017-11-30 15:07:45","2017-11-30 15:07:45"
1528,44,606,1000007815,"1.1.40219","2017-12-01 12:58:50","2017-12-01 12:58:50"
1115,44,607,1000007752,"","2017-11-30 15:07:45","2017-11-30 15:07:45"
1116,44,608,1000007752,"10.0.40219","2017-11-30 15:07:45","2017-11-30 15:07:45"
1117,44,609,1000007752,"","2017-11-30 15:07:45","2017-11-30 15:07:45"
1530,44,609,1000007815,"","2017-12-01 12:58:50","2017-12-01 12:58:50"
1118,44,610,1000007752,"10.0.50903","2017-11-30 15:07:45","2017-11-30 15:07:45"
1531,44,610,1000007815,"10.0.50903","2017-12-01 12:58:50","2017-12-01 12:58:50"
1119,44,611,1000007752,"56.0.1","2017-11-30 15:07:45","2017-11-30 15:07:45"
1120,44,612,1000007752,"1.3.6855.61","2017-11-30 15:07:45","2017-11-30 15:07:45"
1121,44,613,1000007752,20.4,"2017-11-30 15:07:46","2017-11-30 15:07:46"
1122,44,614,1000007752,"1.0.0.0","2017-11-30 15:07:46","2017-11-30 15:07:46"
1123,44,615,1000007752,"","2017-11-30 15:07:46","2017-11-30 15:07:46"
1124,44,616,1000007752,"","2017-11-30 15:07:46","2017-11-30 15:07:46"
1125,44,617,1000007752,8.0,"2017-11-30 15:07:46","2017-11-30 15:07:46"
1126,44,618,1000007752,"1.0.33.0","2017-11-30 15:07:46","2017-11-30 15:07:46"
1127,44,619,1000007752,"1.0.54.1","2017-11-30 15:07:46","2017-11-30 15:07:46"
1128,44,620,1000007752,"12.0.2000.8","2017-11-30 15:07:46","2017-11-30 15:07:46"
1129,44,621,1000007752,"1.0.3010.0","2017-11-30 15:07:46","2017-11-30 15:07:46"
1130,44,622,1000007752,"10.1.2531.0","2017-11-30 15:07:46","2017-11-30 15:07:46"
1131,44,623,1000007752,"","2017-11-30 15:07:46","2017-11-30 15:07:46"
1132,44,624,1000007752,"1.1.0618","2017-11-30 15:07:46","2017-11-30 15:07:46"
1133,44,625,1000007752,"10.0.1736","2017-11-30 15:07:46","2017-11-30 15:07:46"
1134,44,626,1000007752,"8.6.8606","2017-11-30 15:07:46","2017-11-30 15:07:46"
1135,44,627,1000007752,"10.0.40219","2017-11-30 15:07:46","2017-11-30 15:07:46"
1136,44,628,1000007752,"2.0.3010.0","2017-11-30 15:07:46","2017-11-30 15:07:46"
1137,44,629,1000007752,"10.0.40219","2017-11-30 15:07:46","2017-11-30 15:07:46"
1546,44,629,1000007815,"10.0.40219","2017-12-01 12:58:50","2017-12-01 12:58:50"
1138,44,630,1000007752,"10.50.1750.9","2017-11-30 15:07:46","2017-11-30 15:07:46"
1139,44,631,1000007752,"12.0.2000.8","2017-11-30 15:07:46","2017-11-30 15:07:46"
1140,44,632,1000007752,"13.0.1601.5","2017-11-30 15:07:46","2017-11-30 15:07:46"
1141,44,633,1000007752,"9.0.1.0","2017-11-30 15:07:47","2017-11-30 15:07:47"
1142,44,634,1000007752,"14.0.25431","2017-11-30 15:07:47","2017-11-30 15:07:47"
1143,44,635,1000007752,"11.0.60610","2017-11-30 15:07:47","2017-11-30 15:07:47"
1144,44,636,1000007752,"10.1.2531.0","2017-11-30 15:07:47","2017-11-30 15:07:47"
1579,44,636,1000007815,"11.3.6020.0","2017-12-01 12:58:51","2017-12-01 12:58:51"
1145,44,637,1000007752,"2.6.8627.1","2017-11-30 15:07:47","2017-11-30 15:07:47"
1146,44,638,1000007752,"13.0.1601.5","2017-11-30 15:07:47","2017-11-30 15:07:47"
1147,44,639,1000007752,"14.0.25420","2017-11-30 15:07:47","2017-11-30 15:07:47"
1148,44,640,1000007752,"14.0.23107","2017-11-30 15:07:47","2017-11-30 15:07:47"
1149,44,641,1000007752,"14.0.24215","2017-11-30 15:07:47","2017-11-30 15:07:47"
1150,44,642,1000007752,"9.0.0.0","2017-11-30 15:07:47","2017-11-30 15:07:47"
1151,44,643,1000007752,"11.0.2100.60","2017-11-30 15:07:47","2017-11-30 15:07:47"
1574,44,643,1000007815,"11.3.6020.0","2017-12-01 12:58:51","2017-12-01 12:58:51"
1152,44,644,1000007752,"9.0.30729.4148","2017-11-30 15:07:47","2017-11-30 15:07:47"
1558,44,644,1000007815,"9.0.30729.4148","2017-12-01 12:58:50","2017-12-01 12:58:50"
1153,44,645,1000007752,"14.98.25331","2017-11-30 15:07:47","2017-11-30 15:07:47"
1154,44,646,1000007752,"14.0.24215","2017-11-30 15:07:47","2017-11-30 15:07:47"
1155,44,647,1000007752,"8.100.25984","2017-11-30 15:07:47","2017-11-30 15:07:47"
1156,44,648,1000007752,"10.1.2531.0","2017-11-30 15:07:47","2017-11-30 15:07:47"
1157,44,649,1000007752,"3.11.1528","2017-11-30 15:07:47","2017-11-30 15:07:47"
1158,44,650,1000007752,"14.0.23107","2017-11-30 15:07:47","2017-11-30 15:07:47"
1159,44,651,1000007752,"9.0.30729.6161","2017-11-30 15:07:47","2017-11-30 15:07:47"
1160,44,652,1000007752,"14.0.25420","2017-11-30 15:07:47","2017-11-30 15:07:47"
1161,44,653,1000007752,"14.0.23107","2017-11-30 15:07:47","2017-11-30 15:07:47"
1162,44,654,1000007752,"14.98.25331","2017-11-30 15:07:47","2017-11-30 15:07:47"
1163,44,655,1000007752,"10.0.40219","2017-11-30 15:07:47","2017-11-30 15:07:47"
1562,44,655,1000007815,"10.0.40219","2017-12-01 12:58:50","2017-12-01 12:58:50"
1164,44,656,1000007752,"11.0.60610","2017-11-30 15:07:47","2017-11-30 15:07:47"
1165,44,657,1000007752,"4.0.8876.1","2017-11-30 15:07:47","2017-11-30 15:07:47"
1166,44,658,1000007752,"14.0.25420","2017-11-30 15:07:47","2017-11-30 15:07:47"
1167,44,659,1000007752,"10.1.2531.0","2017-11-30 15:07:47","2017-11-30 15:07:47"
1168,44,660,1000007752,"10.0.40219","2017-11-30 15:07:47","2017-11-30 15:07:47"
1169,44,661,1000007752,"5.1.18","2017-11-30 15:07:47","2017-11-30 15:07:47"
1170,44,662,1000007752,"14.0.23107","2017-11-30 15:07:47","2017-11-30 15:07:47"
1171,44,663,1000007752,"1.0.3010.0","2017-11-30 15:07:47","2017-11-30 15:07:47"
1172,44,664,1000007752,"5.1.50907.0","2017-11-30 15:07:47","2017-11-30 15:07:47"
1173,44,665,1000007752,"3.4.2350.0","2017-11-30 15:07:47","2017-11-30 15:07:47"
1174,44,666,1000007752,"12.0.21005","2017-11-30 15:07:47","2017-11-30 15:07:47"
1572,44,666,1000007815,"12.0.21005","2017-12-01 12:58:51","2017-12-01 12:58:51"
1175,44,667,1000007752,"3.1238.1962","2017-11-30 15:07:47","2017-11-30 15:07:47"
1176,44,668,1000007752,"3.4.2350.0","2017-11-30 15:07:47","2017-11-30 15:07:47"
1177,44,669,1000007752,"8.100.26936","2017-11-30 15:07:47","2017-11-30 15:07:47"
1178,44,670,1000007752,"11.0.2100.60","2017-11-30 15:07:47","2017-11-30 15:07:47"
1179,44,671,1000007752,"10.2207.101.108","2017-11-30 15:07:47","2017-11-30 15:07:47"
1180,44,672,1000007752,"12.0.21005","2017-11-30 15:07:47","2017-11-30 15:07:47"
1576,44,672,1000007815,"12.0.21005","2017-12-01 12:58:51","2017-12-01 12:58:51"
1181,44,673,1000007752,"","2017-11-30 15:07:48","2017-11-30 15:07:48"
1182,44,674,1000007752,"1.0.0.0","2017-11-30 15:07:48","2017-11-30 15:07:48"
1183,44,675,1000007752,"10.1.2731.0","2017-11-30 15:07:48","2017-11-30 15:07:48"
1577,44,675,1000007815,"10.1.2731.0","2017-12-01 12:58:51","2017-12-01 12:58:51"
1184,44,676,1000007752,"14.98.25331","2017-11-30 15:07:48","2017-11-30 15:07:48"
1185,44,677,1000007752,"10.1.2531.0","2017-11-30 15:07:48","2017-11-30 15:07:48"
1186,44,678,1000007752,"1.0.10609.0","2017-11-30 15:07:48","2017-11-30 15:07:48"
1187,44,679,1000007752,"10.1.2531.0","2017-11-30 15:07:48","2017-11-30 15:07:48"
1188,44,680,1000007752,"13.0.1601.5","2017-11-30 15:07:48","2017-11-30 15:07:48"
1189,44,681,1000007752,"3.5.8080.0","2017-11-30 15:07:48","2017-11-30 15:07:48"
1190,44,682,1000007752,"10.0.40219","2017-11-30 15:07:48","2017-11-30 15:07:48"
1191,44,683,1000007752,"10.50.1447.4","2017-11-30 15:07:48","2017-11-30 15:07:48"
1192,44,684,1000007752,"14.0.23107","2017-11-30 15:07:48","2017-11-30 15:07:48"
1193,44,685,1000007752,"13.0.1601.5","2017-11-30 15:07:48","2017-11-30 15:07:48"
1194,44,686,1000007752,"14.0.24215","2017-11-30 15:07:48","2017-11-30 15:07:48"
1195,44,687,1000007752,"14.98.25331","2017-11-30 15:07:48","2017-11-30 15:07:48"
1196,44,688,1000007752,"10.0.30319","2017-11-30 15:07:48","2017-11-30 15:07:48"
1197,44,689,1000007752,"10.1.2531.0","2017-11-30 15:07:48","2017-11-30 15:07:48"
1198,44,690,1000007752,"14.0.23107","2017-11-30 15:07:48","2017-11-30 15:07:48"
1199,44,691,1000007752,"10.0.16299","2017-11-30 15:07:48","2017-11-30 15:07:48"
1200,44,692,1000007749,"1.0.50.2266","2017-12-01 00:46:44","2017-12-01 00:46:44"
1204,44,693,1000007749,"","2017-12-01 00:46:44","2017-12-01 00:46:44"
1214,44,694,1000007749,"4.11.0","2017-12-01 00:46:44","2017-12-01 00:46:44"
1221,44,695,1000007749,"0.1.18","2017-12-01 00:46:44","2017-12-01 00:46:44"
1222,44,696,1000007749,"0.23.3550","2017-12-01 00:46:44","2017-12-01 00:46:44"
1239,44,697,1000007749,"4.6.3","2017-12-01 00:46:44","2017-12-01 00:46:44"
1266,44,698,1000007749,"","2017-12-01 00:46:45","2017-12-01 00:46:45"
1302,44,699,1000007749,"","2017-12-01 00:46:45","2017-12-01 00:46:45"
1303,44,700,1000007749,"","2017-12-01 00:46:45","2017-12-01 00:46:45"
1309,44,701,1000007749,"","2017-12-01 00:46:45","2017-12-01 00:46:45"
1312,44,702,1000007749,"","2017-12-01 00:46:45","2017-12-01 00:46:45"
1358,44,703,1000007749,2017.2,"2017-12-01 00:46:46","2017-12-01 00:46:46"
1359,44,704,1000007749,2017.2,"2017-12-01 00:46:46","2017-12-01 00:46:46"
1360,44,705,1000007749,2017.2,"2017-12-01 00:46:46","2017-12-01 00:46:46"
1361,44,706,1000007749,"","2017-12-01 00:46:46","2017-12-01 00:46:46"
1362,44,707,1000007749,"","2017-12-01 00:46:46","2017-12-01 00:46:46"
1363,44,708,1000007749,1.22,"2017-12-01 00:46:46","2017-12-01 00:46:46"
1367,44,709,1000007749,"4.0.0","2017-12-01 00:46:46","2017-12-01 00:46:46"
1370,44,710,1000007815,"","2017-12-01 12:58:46","2017-12-01 12:58:46"
1371,44,711,1000007815,"27.0.0.187","2017-12-01 12:58:46","2017-12-01 12:58:46"
1372,44,712,1000007815,"12.2.5.195","2017-12-01 12:58:46","2017-12-01 12:58:46"
1373,44,713,1000007815,"23.015.02.10.284","2017-12-01 12:58:46","2017-12-01 12:58:46"
1374,44,714,1000007815,"ad 3.1.1","2017-12-01 12:58:46","2017-12-01 12:58:46"
1376,44,715,1000007815,"3.2.0.0","2017-12-01 12:58:46","2017-12-01 12:58:46"
1377,44,716,1000007815,"","2017-12-01 12:58:46","2017-12-01 12:58:46"
1378,44,717,1000007815,"3.25.2","2017-12-01 12:58:46","2017-12-01 12:58:46"
1380,44,718,1000007815,"0.23.1","2017-12-01 12:58:46","2017-12-01 12:58:46"
1382,44,719,1000007815,"12.1.4100.1","2017-12-01 12:58:46","2017-12-01 12:58:46"
1385,44,720,1000007815,"15.0.4420.1017","2017-12-01 12:58:46","2017-12-01 12:58:46"
1386,44,721,1000007815,"","2017-12-01 12:58:46","2017-12-01 12:58:46"
1387,44,722,1000007815,"18.1.7","2017-12-01 12:58:46","2017-12-01 12:58:46"
1388,44,723,1000007815,"12.0.83369","2017-12-01 12:58:46","2017-12-01 12:58:46"
1389,44,724,1000007815,"3.4.5","2017-12-01 12:58:46","2017-12-01 12:58:46"
1390,44,725,1000007815,"2.2.4","2017-12-01 12:58:46","2017-12-01 12:58:46"
1391,44,726,1000007815,"5.9.4","2017-12-01 12:58:46","2017-12-01 12:58:46"
1392,44,727,1000007815,"1.6.8","2017-12-01 12:58:46","2017-12-01 12:58:46"
1393,44,728,1000007815,"1.0.8.0424","2017-12-01 12:58:46","2017-12-01 12:58:46"
1394,44,729,1000007815,"10.0.40219","2017-12-01 12:58:46","2017-12-01 12:58:46"
1395,44,730,1000007815,"","2017-12-01 12:58:46","2017-12-01 12:58:46"
1396,44,731,1000007815,"12.0.30501.0","2017-12-01 12:58:47","2017-12-01 12:58:47"
1397,44,732,1000007815,"12.3.6.12","2017-12-01 12:58:47","2017-12-01 12:58:47"
1398,44,733,1000007815,"1.4.1","2017-12-01 12:58:47","2017-12-01 12:58:47"
1399,44,734,1000007815,"12.1.4100.1","2017-12-01 12:58:47","2017-12-01 12:58:47"
1401,44,735,1000007815,"13.06.0000","2017-12-01 12:58:47","2017-12-01 12:58:47"
1402,44,736,1000007815,"18.1.7.347","2017-12-01 12:58:47","2017-12-01 12:58:47"
1403,44,737,1000007815,"10.0.40220","2017-12-01 12:58:47","2017-12-01 12:58:47"
1405,44,738,1000007815,"","2017-12-01 12:58:47","2017-12-01 12:58:47"
1406,44,739,1000007815,"2.5.0.19","2017-12-01 12:58:47","2017-12-01 12:58:47"
1407,44,740,1000007815,"5.07.0032","2017-12-01 12:58:47","2017-12-01 12:58:47"
1408,44,741,1000007815,"8.0.1310.11","2017-12-01 12:58:47","2017-12-01 12:58:47"
1409,44,742,1000007815,"1.02.01","2017-12-01 12:58:47","2017-12-01 12:58:47"
1410,44,743,1000007815,"1.1.0","2017-12-01 12:58:47","2017-12-01 12:58:47"
1412,44,744,1000007815,"7.0.1","2017-12-01 12:58:47","2017-12-01 12:58:47"
1413,44,745,1000007815,"12.1.4100.1","2017-12-01 12:58:47","2017-12-01 12:58:47"
1414,44,746,1000007815,"11.0.61030.0","2017-12-01 12:58:47","2017-12-01 12:58:47"
1415,44,747,1000007815,"1.0.470","2017-12-01 12:58:47","2017-12-01 12:58:47"
1416,44,748,1000007815,"7.35.103","2017-12-01 12:58:47","2017-12-01 12:58:47"
1417,44,749,1000007815,"4.0.40804.0","2017-12-01 12:58:47","2017-12-01 12:58:47"
1418,44,750,1000007815,"18.1.7","2017-12-01 12:58:47","2017-12-01 12:58:47"
1419,44,751,1000007815,"2.5.005.12","2017-12-01 12:58:47","2017-12-01 12:58:47"
1421,44,752,1000007815,"5.5.0.4216","2017-12-01 12:58:47","2017-12-01 12:58:47"
1423,44,753,1000007815,"1.0.19","2017-12-01 12:58:47","2017-12-01 12:58:47"
1425,44,754,1000007815,"10.0.40220","2017-12-01 12:58:47","2017-12-01 12:58:47"
1426,44,755,1000007815,"3.0.0","2017-12-01 12:58:47","2017-12-01 12:58:47"
1428,44,756,1000007815,"6.0.0.4222","2017-12-01 12:58:47","2017-12-01 12:58:47"
1430,44,757,1000007815,"12.0.0.1","2017-12-01 12:58:47","2017-12-01 12:58:47"
1431,44,758,1000007815,"2.2.14","2017-12-01 12:58:47","2017-12-01 12:58:47"
1432,44,759,1000007815,"9.0.0.1323","2017-12-01 12:58:47","2017-12-01 12:58:47"
1434,44,760,1000007815,"1.0.0.2","2017-12-01 12:58:47","2017-12-01 12:58:47"
1435,44,761,1000007815,"8.0.61001","2017-12-01 12:58:47","2017-12-01 12:58:47"
1436,44,762,1000007815,"1.5.71","2017-12-01 12:58:47","2017-12-01 12:58:47"
1437,44,763,1000007815,9.0,"2017-12-01 12:58:47","2017-12-01 12:58:47"
1438,44,764,1000007815,"4.1.5.0","2017-12-01 12:58:47","2017-12-01 12:58:47"
1439,44,765,1000007815,"10.9.1.33","2017-12-01 12:58:48","2017-12-01 12:58:48"
1441,44,766,1000007815,"8.5.0.9167","2017-12-01 12:58:48","2017-12-01 12:58:48"
1442,44,767,1000007815,"15.0.4420.1017","2017-12-01 12:58:48","2017-12-01 12:58:48"
1443,44,768,1000007815,"15.0.4420.1017","2017-12-01 12:58:48","2017-12-01 12:58:48"
1444,44,769,1000007815,"15.0.4420.1017","2017-12-01 12:58:48","2017-12-01 12:58:48"
1445,44,770,1000007815,"15.0.4420.1017","2017-12-01 12:58:48","2017-12-01 12:58:48"
1446,44,771,1000007815,"15.0.4420.1017","2017-12-01 12:58:48","2017-12-01 12:58:48"
1447,44,772,1000007815,"15.0.4420.1017","2017-12-01 12:58:48","2017-12-01 12:58:48"
1448,44,773,1000007815,"15.0.4420.1017","2017-12-01 12:58:48","2017-12-01 12:58:48"
1449,44,774,1000007815,"15.0.4420.1017","2017-12-01 12:58:48","2017-12-01 12:58:48"
1450,44,775,1000007815,"15.0.4420.1017","2017-12-01 12:58:48","2017-12-01 12:58:48"
1451,44,776,1000007815,"15.0.4420.1017","2017-12-01 12:58:48","2017-12-01 12:58:48"
1452,44,777,1000007815,"15.0.4420.1017","2017-12-01 12:58:48","2017-12-01 12:58:48"
1453,44,778,1000007815,"15.0.4420.1017","2017-12-01 12:58:48","2017-12-01 12:58:48"
1454,44,779,1000007815,"15.0.4420.1017","2017-12-01 12:58:48","2017-12-01 12:58:48"
1455,44,780,1000007815,"15.0.4420.1017","2017-12-01 12:58:48","2017-12-01 12:58:48"
1456,44,781,1000007815,"15.0.4420.1017","2017-12-01 12:58:48","2017-12-01 12:58:48"
1457,44,782,1000007815,"15.0.4420.1017","2017-12-01 12:58:48","2017-12-01 12:58:48"
1458,44,783,1000007815,"15.0.4420.1017","2017-12-01 12:58:48","2017-12-01 12:58:48"
1459,44,784,1000007815,"15.0.4420.1017","2017-12-01 12:58:48","2017-12-01 12:58:48"
1460,44,785,1000007815,"15.0.4420.1017","2017-12-01 12:58:48","2017-12-01 12:58:48"
1461,44,786,1000007815,"15.0.4420.1017","2017-12-01 12:58:48","2017-12-01 12:58:48"
1462,44,787,1000007815,"","2017-12-01 12:58:48","2017-12-01 12:58:48"
1464,44,788,1000007815,1,"2017-12-01 12:58:48","2017-12-01 12:58:48"
1465,44,789,1000007815,1,"2017-12-01 12:58:48","2017-12-01 12:58:48"
1466,44,790,1000007815,1,"2017-12-01 12:58:48","2017-12-01 12:58:48"
1467,44,791,1000007815,1,"2017-12-01 12:58:48","2017-12-01 12:58:48"
1468,44,792,1000007815,1,"2017-12-01 12:58:48","2017-12-01 12:58:48"
1469,44,793,1000007815,1,"2017-12-01 12:58:48","2017-12-01 12:58:48"
1470,44,794,1000007815,1,"2017-12-01 12:58:48","2017-12-01 12:58:48"
1471,44,795,1000007815,1,"2017-12-01 12:58:48","2017-12-01 12:58:48"
1472,44,796,1000007815,1,"2017-12-01 12:58:48","2017-12-01 12:58:48"
1473,44,797,1000007815,1,"2017-12-01 12:58:48","2017-12-01 12:58:48"
1474,44,798,1000007815,1,"2017-12-01 12:58:48","2017-12-01 12:58:48"
1475,44,799,1000007815,"1.0.0.0","2017-12-01 12:58:48","2017-12-01 12:58:48"
1477,44,800,1000007815,"8.5.940","2017-12-01 12:58:48","2017-12-01 12:58:48"
1478,44,801,1000007815,"9.0.30729","2017-12-01 12:58:48","2017-12-01 12:58:48"
1479,44,802,1000007815,"1.0.0","2017-12-01 12:58:48","2017-12-01 12:58:48"
1480,44,803,1000007815,"11.0.2100.60","2017-12-01 12:58:48","2017-12-01 12:58:48"
1481,44,804,1000007815,"1.30.0239","2017-12-01 12:58:48","2017-12-01 12:58:48"
1482,44,805,1000007815,"17.0.4283","2017-12-01 12:58:48","2017-12-01 12:58:48"
1483,44,806,1000007815,"8.5.940","2017-12-01 12:58:48","2017-12-01 12:58:48"
1484,44,807,1000007815,10.0,"2017-12-01 12:58:48","2017-12-01 12:58:48"
1485,44,808,1000007815,"16.1.5","2017-12-01 12:58:49","2017-12-01 12:58:49"
1486,44,809,1000007815,"1.8.0","2017-12-01 12:58:49","2017-12-01 12:58:49"
1488,44,810,1000007815,"","2017-12-01 12:58:49","2017-12-01 12:58:49"
1489,44,811,1000007815,"11.0.61030","2017-12-01 12:58:49","2017-12-01 12:58:49"
1492,44,812,1000007815,"1.0.0.0","2017-12-01 12:58:49","2017-12-01 12:58:49"
1493,44,813,1000007815,"11.0.61030","2017-12-01 12:58:49","2017-12-01 12:58:49"
1494,44,814,1000007815,"1.5.1085.0","2017-12-01 12:58:49","2017-12-01 12:58:49"
1495,44,815,1000007815,"36.0.41.58587","2017-12-01 12:58:49","2017-12-01 12:58:49"
1497,44,816,1000007815,"1.0.1.2","2017-12-01 12:58:49","2017-12-01 12:58:49"
1498,44,817,1000007815,"11.0.61030.0","2017-12-01 12:58:49","2017-12-01 12:58:49"
1499,44,818,1000007815,"38.0.0","2017-12-01 12:58:49","2017-12-01 12:58:49"
1500,44,819,1000007815,"1.3.0.23190","2017-12-01 12:58:49","2017-12-01 12:58:49"
1502,44,820,1000007815,"36.0.41.58587","2017-12-01 12:58:49","2017-12-01 12:58:49"
1503,44,821,1000007815,"10.0.40219","2017-12-01 12:58:49","2017-12-01 12:58:49"
1504,44,822,1000007815,"11.0.2100.60","2017-12-01 12:58:49","2017-12-01 12:58:49"
1505,44,823,1000007815,"11.0.2100.60","2017-12-01 12:58:49","2017-12-01 12:58:49"
1506,44,824,1000007815,"1.1.0012.00","2017-12-01 12:58:49","2017-12-01 12:58:49"
1507,44,825,1000007815,"8.5.940","2017-12-01 12:58:49","2017-12-01 12:58:49"
1508,44,826,1000007815,"11.0.2100.60","2017-12-01 12:58:49","2017-12-01 12:58:49"
1510,44,827,1000007815,"1.0.0","2017-12-01 12:58:49","2017-12-01 12:58:49"
1511,44,828,1000007815,"10.0.13","2017-12-01 12:58:49","2017-12-01 12:58:49"
1512,44,829,1000007815,"1.1.6","2017-12-01 12:58:49","2017-12-01 12:58:49"
1515,44,830,1000007815,"10.3.20116.0","2017-12-01 12:58:49","2017-12-01 12:58:49"
1516,44,831,1000007815,"12.0.30501.0","2017-12-01 12:58:49","2017-12-01 12:58:49"
1517,44,832,1000007815,"7.67.1226.2012","2017-12-01 12:58:49","2017-12-01 12:58:49"
1519,44,833,1000007815,"","2017-12-01 12:58:49","2017-12-01 12:58:49"
1520,44,834,1000007815,"2, 0, 1, 0","2017-12-01 12:58:49","2017-12-01 12:58:49"
1521,44,835,1000007815,5.16,"2017-12-01 12:58:49","2017-12-01 12:58:49"
1522,44,836,1000007815,"1.1.0.0","2017-12-01 12:58:49","2017-12-01 12:58:49"
1523,44,837,1000007815,"11.1.3000.0","2017-12-01 12:58:49","2017-12-01 12:58:49"
1524,44,838,1000007815,"11.1.3156.0","2017-12-01 12:58:49","2017-12-01 12:58:49"
1525,44,839,1000007815,"11.3.6020.0","2017-12-01 12:58:49","2017-12-01 12:58:49"
1526,44,840,1000007815,"11.3.6248.0","2017-12-01 12:58:49","2017-12-01 12:58:49"
1527,44,841,1000007815,"4.2.1909","2017-12-01 12:58:50","2017-12-01 12:58:50"
1529,44,842,1000007815,"","2017-12-01 12:58:50","2017-12-01 12:58:50"
1532,44,843,1000007815,"56.0.2","2017-12-01 12:58:50","2017-12-01 12:58:50"
1533,44,844,1000007815,"16.0.8625.2127","2017-12-01 12:58:50","2017-12-01 12:58:50"
1534,44,845,1000007815,"21.0.504.0","2017-12-01 12:58:50","2017-12-01 12:58:50"
1535,44,846,1000007815,"9.3.0.0","2017-12-01 12:58:50","2017-12-01 12:58:50"
1536,44,847,1000007815,"5.31.0","2017-12-01 12:58:50","2017-12-01 12:58:50"
1537,44,848,1000007815,"11.3.6020.0","2017-12-01 12:58:50","2017-12-01 12:58:50"
1538,44,849,1000007815,"11.3.6020.0","2017-12-01 12:58:50","2017-12-01 12:58:50"
1539,44,850,1000007815,"8.5.940","2017-12-01 12:58:50","2017-12-01 12:58:50"
1540,44,851,1000007815,"8.0.56336","2017-12-01 12:58:50","2017-12-01 12:58:50"
1541,44,852,1000007815,"11.3.6020.0","2017-12-01 12:58:50","2017-12-01 12:58:50"
1542,44,853,1000007815,"11.3.6020.0","2017-12-01 12:58:50","2017-12-01 12:58:50"
1543,44,854,1000007815,"16.01.5000.0577","2017-12-01 12:58:50","2017-12-01 12:58:50"
1544,44,855,1000007815,"11.3.6020.0","2017-12-01 12:58:50","2017-12-01 12:58:50"
1545,44,856,1000007815,"11.3.6020.0","2017-12-01 12:58:50","2017-12-01 12:58:50"
1547,44,857,1000007815,"4.1.2980","2017-12-01 12:58:50","2017-12-01 12:58:50"
1548,44,858,1000007815,"4.1.3407","2017-12-01 12:58:50","2017-12-01 12:58:50"
1549,44,859,1000007815,"4.5.51209","2017-12-01 12:58:50","2017-12-01 12:58:50"
1550,44,860,1000007815,"11.3.6020.0","2017-12-01 12:58:50","2017-12-01 12:58:50"
1551,44,861,1000007815,"8.5.940","2017-12-01 12:58:50","2017-12-01 12:58:50"
1552,44,862,1000007815,"11.3.6020.0","2017-12-01 12:58:50","2017-12-01 12:58:50"
1553,44,863,1000007815,"12.1.4100.1","2017-12-01 12:58:50","2017-12-01 12:58:50"
1554,44,864,1000007815,"11.0.61030","2017-12-01 12:58:50","2017-12-01 12:58:50"
1555,44,865,1000007815,"11.3.6020.0","2017-12-01 12:58:50","2017-12-01 12:58:50"
1556,44,866,1000007815,"4.1.0.1","2017-12-01 12:58:50","2017-12-01 12:58:50"
1557,44,867,1000007815,"1.27.798.1","2017-12-01 12:58:50","2017-12-01 12:58:50"
1560,44,868,1000007815,"11.3.6020.0","2017-12-01 12:58:50","2017-12-01 12:58:50"
1561,44,869,1000007815,"11.3.6020.0","2017-12-01 12:58:50","2017-12-01 12:58:50"
1563,44,870,1000007815,"11.3.6020.0","2017-12-01 12:58:50","2017-12-01 12:58:50"
1564,44,871,1000007815,"11.0.2100.60","2017-12-01 12:58:50","2017-12-01 12:58:50"
1565,44,872,1000007815,"9.0.30729","2017-12-01 12:58:50","2017-12-01 12:58:50"
1566,44,873,1000007815,"15.0.4420.1017","2017-12-01 12:58:50","2017-12-01 12:58:50"
1567,44,874,1000007815,"15.0.4420.1017","2017-12-01 12:58:50","2017-12-01 12:58:50"
1568,44,875,1000007815,"15.0.4420.1017","2017-12-01 12:58:50","2017-12-01 12:58:50"
1569,44,876,1000007815,"16.0.8625.2127","2017-12-01 12:58:50","2017-12-01 12:58:50"
1570,44,877,1000007815,"16.0.8625.2127","2017-12-01 12:58:50","2017-12-01 12:58:50"
1571,44,878,1000007815,"16.0.8326.2107","2017-12-01 12:58:51","2017-12-01 12:58:51"
1573,44,879,1000007815,"38.6.1909.16294","2017-12-01 12:58:51","2017-12-01 12:58:51"
1575,44,880,1000007815,"11.3.6248.0","2017-12-01 12:58:51","2017-12-01 12:58:51"
1578,44,881,1000007815,"5.3.2.19179","2017-12-01 12:58:51","2017-12-01 12:58:51"
1580,44,882,1000007815,"12.1.4100.1","2017-12-01 12:58:51","2017-12-01 12:58:51"
1581,44,883,1000007815,"38.6.1909.16294","2017-12-01 12:58:51","2017-12-01 12:58:51"
1582,44,884,1000007815,"11.0.2100.60","2017-12-01 12:58:51","2017-12-01 12:58:51"
1583,44,885,1000007815,"11.0.61030","2017-12-01 12:58:51","2017-12-01 12:58:51"
1584,44,886,1000007815,"11.3.6020.0","2017-12-01 12:58:51","2017-12-01 12:58:51"
1585,44,887,1000007815,"16.01.5000.0269","2017-12-01 12:58:51","2017-12-01 12:58:51"
1586,44,888,1000007815,"11.1.2818.0","2017-12-01 12:58:51","2017-12-01 12:58:51"
1587,44,889,1000007815,"11.3.6020.0","2017-12-01 12:58:51","2017-12-01 12:58:51"
1588,44,890,1000007815,"11.3.6248.0","2017-12-01 12:58:51","2017-12-01 12:58:51"
1589,44,891,1000007815,"5.3.2.19179","2017-12-01 12:58:51","2017-12-01 12:58:51"
1590,44,892,1000007815,"8.5.940","2017-12-01 12:58:51","2017-12-01 12:58:51"
1591,44,893,1000007815,"11.0.2100.60","2017-12-01 12:58:51","2017-12-01 12:58:51"
1592,44,894,1000007815,"6.1.7601","2017-12-01 12:58:51","2017-12-01 12:58:51"
1593,44,895,1000007746,"4.2.06014","2017-12-01 13:03:23","2017-12-01 13:03:23"
1594,44,896,1000007746,"5.7.5.0","2017-12-01 13:03:23","2017-12-01 13:03:23"
1596,44,897,1000007746,"5.1.26","2017-12-01 13:03:23","2017-12-01 13:03:23"
1597,44,898,1000007746,"5.7.5.0","2017-12-01 13:03:24","2017-12-01 13:03:24"
1612,44,899,1000007746,"4.2.2.13","2017-12-01 13:03:24","2017-12-01 13:03:24"
1613,44,900,1000007746,"4.0.3.9","2017-12-01 13:03:24","2017-12-01 13:03:24"
1615,44,901,1000007746,"","2017-12-01 13:03:24","2017-12-01 13:03:24"
1617,44,902,1000007746,"1.0.4308","2017-12-01 13:03:24","2017-12-01 13:03:24"
1621,44,903,1000007746,"1.8.7","2017-12-01 13:03:24","2017-12-01 13:03:24"
1623,44,904,1000007746,"4.2.06014","2017-12-01 13:03:24","2017-12-01 13:03:24"
1930,46,905,1000007900,1.07,"2017-12-04 14:10:31","2017-12-04 14:10:31"
2105,46,905,1000007901,1.07,"2017-12-04 14:18:33","2017-12-04 14:18:33"
1931,46,906,1000007900,1.0,"2017-12-04 14:10:31","2017-12-04 14:10:31"
2106,46,906,1000007901,1.0,"2017-12-04 14:18:33","2017-12-04 14:18:33"
1934,46,907,1000007900,10.13,"2017-12-04 14:10:31","2017-12-04 14:10:31"
2107,46,907,1000007901,10.11,"2017-12-04 14:18:33","2017-12-04 14:18:33"
1935,46,908,1000007900,11.0,"2017-12-04 14:10:31","2017-12-04 14:10:31"
2108,46,908,1000007901,9.0,"2017-12-04 14:18:33","2017-12-04 14:18:33"
1936,46,909,1000007900,1.0,"2017-12-04 14:10:31","2017-12-04 14:10:31"
2109,46,909,1000007901,1.0,"2017-12-04 14:18:33","2017-12-04 14:18:33"
1938,46,910,1000007900,13,"2017-12-04 14:10:31","2017-12-04 14:10:31"
2110,46,910,1000007901,11.4,"2017-12-04 14:18:33","2017-12-04 14:18:33"
1939,46,911,1000007900,13,"2017-12-04 14:10:31","2017-12-04 14:10:31"
2111,46,911,1000007901,11.0,"2017-12-04 14:18:33","2017-12-04 14:18:33"
2112,46,912,1000007901,1.0,"2017-12-04 14:18:33","2017-12-04 14:18:33"
2113,46,913,1000007901,"1.0.50.2266","2017-12-04 14:18:33","2017-12-04 14:18:33"
1941,46,914,1000007900,2.3,"2017-12-04 14:10:31","2017-12-04 14:10:31"
2114,46,914,1000007901,"2.1.1","2017-12-04 14:18:33","2017-12-04 14:18:33"
2115,46,915,1000007901,1.0,"2017-12-04 14:18:33","2017-12-04 14:18:33"
1942,46,916,1000007900,2.1,"2017-12-04 14:10:31","2017-12-04 14:10:31"
2116,46,916,1000007901,2.0,"2017-12-04 14:18:33","2017-12-04 14:18:33"
1943,46,917,1000007900,10.10,"2017-12-04 14:10:31","2017-12-04 14:10:31"
2117,46,917,1000007901,10.10,"2017-12-04 14:18:33","2017-12-04 14:18:33"
1944,46,918,1000007900,1.0,"2017-12-04 14:10:31","2017-12-04 14:10:31"
2118,46,918,1000007901,1.0,"2017-12-04 14:18:33","2017-12-04 14:18:33"
1947,46,919,1000007900,2.8,"2017-12-04 14:10:31","2017-12-04 14:10:31"
2119,46,919,1000007901,2.6,"2017-12-04 14:18:33","2017-12-04 14:18:33"
2120,46,920,1000007901,11.4,"2017-12-04 14:18:33","2017-12-04 14:18:33"
1948,46,921,1000007900,"6.0.0","2017-12-04 14:10:31","2017-12-04 14:10:31"
2121,46,921,1000007901,"4.4.6","2017-12-04 14:18:33","2017-12-04 14:18:33"
1949,46,922,1000007900,"1.7.23","2017-12-04 14:10:31","2017-12-04 14:10:31"
2122,46,922,1000007901,"1.7.22","2017-12-04 14:18:33","2017-12-04 14:18:33"
2123,46,923,1000007901,11.4,"2017-12-04 14:18:33","2017-12-04 14:18:33"
1950,46,924,1000007900,10.0,"2017-12-04 14:10:31","2017-12-04 14:10:31"
2124,46,924,1000007901,10.0,"2017-12-04 14:18:33","2017-12-04 14:18:33"
1951,46,925,1000007900,10.13,"2017-12-04 14:10:31","2017-12-04 14:10:31"
2125,46,925,1000007901,10.8,"2017-12-04 14:18:33","2017-12-04 14:18:33"
1952,46,926,1000007900,10.0,"2017-12-04 14:10:31","2017-12-04 14:10:31"
2126,46,926,1000007901,8.0,"2017-12-04 14:18:33","2017-12-04 14:18:33"
1953,46,927,1000007900,1.0,"2017-12-04 14:10:31","2017-12-04 14:10:31"
2127,46,927,1000007901,1.0,"2017-12-04 14:18:33","2017-12-04 14:18:33"
1954,46,928,1000007900,"4.0.0","2017-12-04 14:10:31","2017-12-04 14:10:31"
2128,46,928,1000007901,"4.0.0","2017-12-04 14:18:33","2017-12-04 14:18:33"
1955,46,929,1000007900,"4.0.0","2017-12-04 14:10:31","2017-12-04 14:10:31"
2129,46,929,1000007901,"4.0.0","2017-12-04 14:18:33","2017-12-04 14:18:33"
1956,46,930,1000007900,"4.0.0","2017-12-04 14:10:31","2017-12-04 14:10:31"
2130,46,930,1000007901,"4.0.0","2017-12-04 14:18:33","2017-12-04 14:18:33"
1957,46,931,1000007900,"10.11.0","2017-12-04 14:10:31","2017-12-04 14:10:31"
2131,46,931,1000007901,"10.13.0","2017-12-04 14:18:33","2017-12-04 14:18:33"
1958,46,932,1000007900,3.15,"2017-12-04 14:10:31","2017-12-04 14:10:31"
2132,46,932,1000007901,3.13,"2017-12-04 14:18:33","2017-12-04 14:18:33"
1959,46,933,1000007900,2.1,"2017-12-04 14:10:31","2017-12-04 14:10:31"
2133,46,933,1000007901,2.1,"2017-12-04 14:18:33","2017-12-04 14:18:33"
1962,46,934,1000007900,1.0,"2017-12-04 14:10:31","2017-12-04 14:10:31"
2134,46,934,1000007901,10.11,"2017-12-04 14:18:33","2017-12-04 14:18:33"
1963,46,935,1000007900,11.0,"2017-12-04 14:10:31","2017-12-04 14:10:31"
2135,46,935,1000007901,9.0,"2017-12-04 14:18:33","2017-12-04 14:18:33"
1966,46,936,1000007900,5.8,"2017-12-04 14:10:31","2017-12-04 14:10:31"
2136,46,936,1000007901,5.8,"2017-12-04 14:18:33","2017-12-04 14:18:33"
1967,46,937,1000007900,1.8,"2017-12-04 14:10:31","2017-12-04 14:10:31"
2137,46,937,1000007901,1.8,"2017-12-04 14:18:33","2017-12-04 14:18:33"
2138,46,938,1000007901,11601,"2017-12-04 14:18:33","2017-12-04 14:18:33"
2139,46,939,1000007901,"1.0.7","2017-12-04 14:18:33","2017-12-04 14:18:33"
2140,46,940,1000007901,"2.1.2","2017-12-04 14:18:33","2017-12-04 14:18:33"
1968,46,941,1000007900,5.11,"2017-12-04 14:10:31","2017-12-04 14:10:31"
2141,46,941,1000007901,5.10,"2017-12-04 14:18:33","2017-12-04 14:18:33"
1969,46,942,1000007900,1.0,"2017-12-04 14:10:31","2017-12-04 14:10:31"
2142,46,942,1000007901,1.0,"2017-12-04 14:18:33","2017-12-04 14:18:33"
1970,46,943,1000007900,17.0,"2017-12-04 14:10:31","2017-12-04 14:10:31"
2143,46,943,1000007901,15.0,"2017-12-04 14:18:33","2017-12-04 14:18:33"
1971,46,944,1000007900,"480.1.2","2017-12-04 14:10:31","2017-12-04 14:10:31"
2144,46,944,1000007901,"10.11.4","2017-12-04 14:18:33","2017-12-04 14:18:33"
1972,46,945,1000007900,1.8,"2017-12-04 14:10:31","2017-12-04 14:10:31"
2145,46,945,1000007901,1.8,"2017-12-04 14:18:33","2017-12-04 14:18:33"
1977,46,946,1000007900,1.71,"2017-12-04 14:10:32","2017-12-04 14:10:32"
2146,46,946,1000007901,1.71,"2017-12-04 14:18:33","2017-12-04 14:18:33"
1979,46,947,1000007900,1.0,"2017-12-04 14:10:32","2017-12-04 14:10:32"
2147,46,947,1000007901,1.0,"2017-12-04 14:18:33","2017-12-04 14:18:33"
1980,46,948,1000007900,1.73,"2017-12-04 14:10:32","2017-12-04 14:10:32"
2148,46,948,1000007901,1.71,"2017-12-04 14:18:33","2017-12-04 14:18:33"
1981,46,949,1000007900,4.0,"2017-12-04 14:10:32","2017-12-04 14:10:32"
2149,46,949,1000007901,3.0,"2017-12-04 14:18:33","2017-12-04 14:18:33"
1982,46,950,1000007900,1.0,"2017-12-04 14:10:32","2017-12-04 14:10:32"
2150,46,950,1000007901,1.0,"2017-12-04 14:18:33","2017-12-04 14:18:33"
1983,46,951,1000007900,1.71,"2017-12-04 14:10:32","2017-12-04 14:10:32"
2151,46,951,1000007901,1.71,"2017-12-04 14:18:34","2017-12-04 14:18:34"
1984,46,952,1000007900,4.5,"2017-12-04 14:10:32","2017-12-04 14:10:32"
2152,46,952,1000007901,"4.3.3","2017-12-04 14:18:34","2017-12-04 14:18:34"
1985,46,953,1000007900,"10.13.1","2017-12-04 14:10:32","2017-12-04 14:10:32"
2153,46,953,1000007901,"10.11.4","2017-12-04 14:18:34","2017-12-04 14:18:34"
1986,46,954,1000007900,"35.0.1","2017-12-04 14:10:32","2017-12-04 14:10:32"
2154,46,954,1000007901,"56.0.2","2017-12-04 14:18:34","2017-12-04 14:18:34"
2472,46,954,1000007902,"45.4.0","2017-12-04 15:13:58","2017-12-04 15:13:58"
2155,46,955,1000007901,3,"2017-12-04 14:18:34","2017-12-04 14:18:34"
1987,46,956,1000007900,1.0,"2017-12-04 14:10:32","2017-12-04 14:10:32"
2156,46,956,1000007901,1.0,"2017-12-04 14:18:34","2017-12-04 14:18:34"
1988,46,957,1000007900,1.0,"2017-12-04 14:10:32","2017-12-04 14:10:32"
2157,46,957,1000007901,1.0,"2017-12-04 14:18:34","2017-12-04 14:18:34"
1989,46,958,1000007900,8.0,"2017-12-04 14:10:32","2017-12-04 14:10:32"
2158,46,958,1000007901,6.0,"2017-12-04 14:18:34","2017-12-04 14:18:34"
2159,46,959,1000007901,11.4,"2017-12-04 14:18:34","2017-12-04 14:18:34"
2160,46,960,1000007901,2.0,"2017-12-04 14:18:34","2017-12-04 14:18:34"
1993,46,961,1000007900,"62.0.3202.94","2017-12-04 14:10:32","2017-12-04 14:10:32"
2161,46,961,1000007901,"62.0.3202.94","2017-12-04 14:18:34","2017-12-04 14:18:34"
1994,46,962,1000007900,1.10,"2017-12-04 14:10:32","2017-12-04 14:10:32"
2162,46,962,1000007901,1.8,"2017-12-04 14:18:34","2017-12-04 14:18:34"
1995,46,963,1000007900,2.6,"2017-12-04 14:10:32","2017-12-04 14:10:32"
2163,46,963,1000007901,2.5,"2017-12-04 14:18:34","2017-12-04 14:18:34"
1996,46,964,1000007900,1.0,"2017-12-04 14:10:32","2017-12-04 14:10:32"
2164,46,964,1000007901,102,"2017-12-04 14:18:34","2017-12-04 14:18:34"
2165,46,965,1000007901,3.40,"2017-12-04 14:18:34","2017-12-04 14:18:34"
1997,46,966,1000007900,10.0,"2017-12-04 14:10:32","2017-12-04 14:10:32"
2166,46,966,1000007901,10.0,"2017-12-04 14:18:34","2017-12-04 14:18:34"
1999,46,967,1000007900,10.0,"2017-12-04 14:10:32","2017-12-04 14:10:32"
2167,46,967,1000007901,10.0,"2017-12-04 14:18:34","2017-12-04 14:18:34"
2000,46,968,1000007900,7.0,"2017-12-04 14:10:32","2017-12-04 14:10:32"
2168,46,968,1000007901,6.7,"2017-12-04 14:18:34","2017-12-04 14:18:34"
2001,46,969,1000007900,1.0,"2017-12-04 14:10:32","2017-12-04 14:10:32"
2169,46,969,1000007901,1.0,"2017-12-04 14:18:34","2017-12-04 14:18:34"
2002,46,970,1000007900,"6.2.0","2017-12-04 14:10:32","2017-12-04 14:10:32"
2170,46,970,1000007901,"6.2.0","2017-12-04 14:18:34","2017-12-04 14:18:34"
2003,46,971,1000007900,1.0,"2017-12-04 14:10:32","2017-12-04 14:10:32"
2171,46,971,1000007901,1.0,"2017-12-04 14:18:34","2017-12-04 14:18:34"
2004,46,972,1000007900,1.0,"2017-12-04 14:10:32","2017-12-04 14:10:32"
2172,46,972,1000007901,6.0,"2017-12-04 14:18:34","2017-12-04 14:18:34"
2005,46,973,1000007900,"15.0.1","2017-12-04 14:10:32","2017-12-04 14:10:32"
2173,46,973,1000007901,"15.0.1","2017-12-04 14:18:34","2017-12-04 14:18:34"
2007,46,974,1000007900,"15.0.1","2017-12-04 14:10:32","2017-12-04 14:10:32"
2174,46,974,1000007901,"15.0.1","2017-12-04 14:18:34","2017-12-04 14:18:34"
2008,46,975,1000007900,3.2,"2017-12-04 14:10:32","2017-12-04 14:10:32"
2175,46,975,1000007901,3.2,"2017-12-04 14:18:34","2017-12-04 14:18:34"
2009,46,976,1000007900,1.0,"2017-12-04 14:10:32","2017-12-04 14:10:32"
2176,46,976,1000007901,1.0,"2017-12-04 14:18:34","2017-12-04 14:18:34"
2012,46,977,1000007900,1.0,"2017-12-04 14:10:32","2017-12-04 14:10:32"
2177,46,977,1000007901,1.0,"2017-12-04 14:18:34","2017-12-04 14:18:34"
2013,46,978,1000007900,1.0,"2017-12-04 14:10:32","2017-12-04 14:10:32"
2178,46,978,1000007901,1.0,"2017-12-04 14:18:34","2017-12-04 14:18:34"
2014,46,979,1000007900,1.33,"2017-12-04 14:10:32","2017-12-04 14:10:32"
2179,46,979,1000007901,1.33,"2017-12-04 14:18:34","2017-12-04 14:18:34"
2015,46,980,1000007900,1.0,"2017-12-04 14:10:32","2017-12-04 14:10:32"
2180,46,980,1000007901,1.0,"2017-12-04 14:18:34","2017-12-04 14:18:34"
2016,46,981,1000007900,1.0,"2017-12-04 14:10:32","2017-12-04 14:10:32"
2181,46,981,1000007901,1.0,"2017-12-04 14:18:34","2017-12-04 14:18:34"
2017,46,982,1000007900,1.27,"2017-12-04 14:10:32","2017-12-04 14:10:32"
2182,46,982,1000007901,1.26,"2017-12-04 14:18:34","2017-12-04 14:18:34"
2018,46,983,1000007900,"10.13.1","2017-12-04 14:10:32","2017-12-04 14:10:32"
2183,46,983,1000007901,"10.11.6","2017-12-04 14:18:34","2017-12-04 14:18:34"
2019,46,984,1000007900,11.1,"2017-12-04 14:10:32","2017-12-04 14:10:32"
2184,46,984,1000007901,9.3,"2017-12-04 14:18:34","2017-12-04 14:18:34"
2020,46,985,1000007900,10.1,"2017-12-04 14:10:32","2017-12-04 14:10:32"
2185,46,985,1000007901,10.1,"2017-12-04 14:18:34","2017-12-04 14:18:34"
2021,46,986,1000007900,2.0,"2017-12-04 14:10:32","2017-12-04 14:10:32"
2186,46,986,1000007901,2.0,"2017-12-04 14:18:34","2017-12-04 14:18:34"
2022,46,987,1000007900,"1.5.3","2017-12-04 14:10:32","2017-12-04 14:10:32"
2187,46,987,1000007901,"1.5.1","2017-12-04 14:18:34","2017-12-04 14:18:34"
2023,46,988,1000007900,11.0,"2017-12-04 14:10:32","2017-12-04 14:10:32"
2188,46,988,1000007901,9.2,"2017-12-04 14:18:34","2017-12-04 14:18:34"
2024,46,989,1000007900,"3.0.2","2017-12-04 14:10:32","2017-12-04 14:10:32"
2189,46,989,1000007901,3.11,"2017-12-04 14:18:34","2017-12-04 14:18:34"
2190,46,990,1000007901,15.40,"2017-12-04 14:18:34","2017-12-04 14:18:34"
2191,46,991,1000007901,15.40,"2017-12-04 14:18:34","2017-12-04 14:18:34"
2025,46,992,1000007900,"15.6.1","2017-12-04 14:10:32","2017-12-04 14:10:32"
2192,46,992,1000007901,15.40,"2017-12-04 14:18:34","2017-12-04 14:18:34"
2193,46,993,1000007901,15.40,"2017-12-04 14:18:34","2017-12-04 14:18:34"
2194,46,994,1000007901,15.40,"2017-12-04 14:18:34","2017-12-04 14:18:34"
2026,46,995,1000007900,1.2,"2017-12-04 14:10:32","2017-12-04 14:10:32"
2195,46,995,1000007901,1.2,"2017-12-04 14:18:34","2017-12-04 14:18:34"
2196,46,996,1000007901,"10.8.0","2017-12-04 14:18:34","2017-12-04 14:18:34"
2028,46,997,1000007900,4.5,"2017-12-04 14:10:32","2017-12-04 14:10:32"
2197,46,997,1000007901,4.2,"2017-12-04 14:18:34","2017-12-04 14:18:34"
2198,46,998,1000007901,1.0,"2017-12-04 14:18:34","2017-12-04 14:18:34"
2199,46,999,1000007901,1.2,"2017-12-04 14:18:34","2017-12-04 14:18:34"
2037,46,1000,1000007900,9.0,"2017-12-04 14:10:32","2017-12-04 14:10:32"
2200,46,1000,1000007901,8.0,"2017-12-04 14:18:34","2017-12-04 14:18:34"
2038,46,1001,1000007900,2.0,"2017-12-04 14:10:32","2017-12-04 14:10:32"
2201,46,1001,1000007901,1.1,"2017-12-04 14:18:34","2017-12-04 14:18:34"
2039,46,1002,1000007900,3.0,"2017-12-04 14:10:32","2017-12-04 14:10:32"
2202,46,1002,1000007901,1.5,"2017-12-04 14:18:34","2017-12-04 14:18:34"
2203,46,1003,1000007901,"1.3.1.649-44510e82","2017-12-04 14:18:34","2017-12-04 14:18:34"
2041,46,1004,1000007900,1.0,"2017-12-04 14:10:33","2017-12-04 14:10:33"
2204,46,1004,1000007901,1.0,"2017-12-04 14:18:34","2017-12-04 14:18:34"
2042,46,1005,1000007900,10.0,"2017-12-04 14:10:33","2017-12-04 14:10:33"
2205,46,1005,1000007901,8.1,"2017-12-04 14:18:34","2017-12-04 14:18:34"
2044,46,1006,1000007900,10.4,"2017-12-04 14:10:33","2017-12-04 14:10:33"
2206,46,1006,1000007901,10.4,"2017-12-04 14:18:34","2017-12-04 14:18:34"
2047,46,1007,1000007900,5.0,"2017-12-04 14:10:33","2017-12-04 14:10:33"
2207,46,1007,1000007901,3.0,"2017-12-04 14:18:34","2017-12-04 14:18:34"
2048,46,1008,1000007900,10.13,"2017-12-04 14:10:33","2017-12-04 14:10:33"
2208,46,1008,1000007901,10.11,"2017-12-04 14:18:34","2017-12-04 14:18:34"
2052,46,1009,1000007900,"11.0.1","2017-12-04 14:10:33","2017-12-04 14:10:33"
2209,46,1009,1000007901,"9.1.2","2017-12-04 14:18:34","2017-12-04 14:18:34"
2053,46,1010,1000007900,"1.7.1","2017-12-04 14:10:33","2017-12-04 14:10:33"
2210,46,1010,1000007901,1.7,"2017-12-04 14:18:34","2017-12-04 14:18:34"
2054,46,1011,1000007900,2.10,"2017-12-04 14:10:33","2017-12-04 14:10:33"
2211,46,1011,1000007901,"2.8.1","2017-12-04 14:18:34","2017-12-04 14:18:34"
2055,46,1012,1000007900,"1.0.1","2017-12-04 14:10:33","2017-12-04 14:10:33"
2212,46,1012,1000007901,"1.0.1","2017-12-04 14:18:34","2017-12-04 14:18:34"
2213,46,1013,1000007901,"4.8.3.0","2017-12-04 14:18:34","2017-12-04 14:18:34"
2214,46,1014,1000007901,"1.1.2","2017-12-04 14:18:34","2017-12-04 14:18:34"
2215,46,1015,1000007901,1.0,"2017-12-04 14:18:34","2017-12-04 14:18:34"
2057,46,1016,1000007900,"2.7.1","2017-12-04 14:10:33","2017-12-04 14:10:33"
2216,46,1016,1000007901,"2.9.0","2017-12-04 14:18:34","2017-12-04 14:55:12"
2058,46,1017,1000007900,6,"2017-12-04 14:10:33","2017-12-04 14:10:33"
2217,46,1017,1000007901,6,"2017-12-04 14:18:34","2017-12-04 14:18:34"
2218,46,1018,1000007901,"5.2.9","2017-12-04 14:18:34","2017-12-04 14:18:34"
2219,46,1019,1000007901,"5.4.12","2017-12-04 14:18:34","2017-12-04 14:18:34"
2061,46,1020,1000007900,1.0,"2017-12-04 14:10:33","2017-12-04 14:10:33"
2220,46,1020,1000007901,1.0,"2017-12-04 14:18:34","2017-12-04 14:55:12"
2221,46,1021,1000007901,1.0,"2017-12-04 14:18:34","2017-12-04 14:18:34"
2063,46,1022,1000007900,10.1,"2017-12-04 14:10:33","2017-12-04 14:10:33"
2222,46,1022,1000007901,10.0,"2017-12-04 14:18:34","2017-12-04 14:18:34"
2064,46,1023,1000007900,1.0,"2017-12-04 14:10:33","2017-12-04 14:10:33"
2223,46,1023,1000007901,1.0,"2017-12-04 14:18:34","2017-12-04 14:18:34"
2066,46,1024,1000007900,"Build 3143","2017-12-04 14:10:33","2017-12-04 14:10:33"
2224,46,1024,1000007901,"Build 3126","2017-12-04 14:18:34","2017-12-04 14:18:34"
2225,46,1025,1000007901,2.0,"2017-12-04 14:18:34","2017-12-04 14:18:34"
2068,46,1026,1000007900,14.0,"2017-12-04 14:10:33","2017-12-04 14:10:33"
2226,46,1026,1000007901,14.0,"2017-12-04 14:18:35","2017-12-04 14:18:35"
2070,46,1027,1000007900,1.6,"2017-12-04 14:10:33","2017-12-04 14:10:33"
2227,46,1027,1000007901,1.6,"2017-12-04 14:18:35","2017-12-04 14:18:35"
2071,46,1028,1000007900,2.8,"2017-12-04 14:10:33","2017-12-04 14:10:33"
2228,46,1028,1000007901,"2.6.1","2017-12-04 14:18:35","2017-12-04 14:18:35"
2072,46,1029,1000007900,1.13,"2017-12-04 14:10:33","2017-12-04 14:10:33"
2229,46,1029,1000007901,1.11,"2017-12-04 14:18:35","2017-12-04 14:18:35"
2074,46,1030,1000007900,1.0,"2017-12-04 14:10:33","2017-12-04 14:10:33"
2230,46,1030,1000007901,1.0,"2017-12-04 14:18:35","2017-12-04 14:18:35"
2075,46,1031,1000007900,4.0,"2017-12-04 14:10:33","2017-12-04 14:10:33"
2231,46,1031,1000007901,4.0,"2017-12-04 14:18:35","2017-12-04 14:18:35"
2076,46,1032,1000007900,1.3,"2017-12-04 14:10:33","2017-12-04 14:10:33"
2232,46,1032,1000007901,1.3,"2017-12-04 14:18:35","2017-12-04 14:18:35"
2233,46,1033,1000007901,"29.0.0.7181","2017-12-04 14:18:35","2017-12-04 14:18:35"
2078,46,1034,1000007900,1.0,"2017-12-04 14:10:33","2017-12-04 14:10:33"
2234,46,1034,1000007901,1.5,"2017-12-04 14:18:35","2017-12-04 14:18:35"
2079,46,1035,1000007900,10.1,"2017-12-04 14:10:33","2017-12-04 14:10:33"
2235,46,1035,1000007901,10.1,"2017-12-04 14:18:35","2017-12-04 14:18:35"
2082,46,1036,1000007900,"2.2.1","2017-12-04 14:10:33","2017-12-04 14:10:33"
2236,46,1036,1000007901,"2.2.4","2017-12-04 14:18:35","2017-12-04 14:18:35"
2083,46,1037,1000007900,"10.0.1","2017-12-04 14:10:33","2017-12-04 14:10:33"
2237,46,1037,1000007901,"10.0.1","2017-12-04 14:18:35","2017-12-04 14:18:35"
2084,46,1038,1000007900,1.0,"2017-12-04 14:10:33","2017-12-04 14:10:33"
2238,46,1038,1000007901,1.0,"2017-12-04 14:18:35","2017-12-04 14:18:35"
2085,46,1039,1000007900,13.0,"2017-12-04 14:10:33","2017-12-04 14:10:33"
2239,46,1039,1000007901,11.0,"2017-12-04 14:18:35","2017-12-04 14:18:35"
2086,46,1040,1000007900,1.0,"2017-12-04 14:10:33","2017-12-04 14:10:33"
2240,46,1040,1000007901,1.0,"2017-12-04 14:18:35","2017-12-04 14:18:35"
2241,46,1041,1000007901,"1.0.1","2017-12-04 14:18:35","2017-12-04 14:18:35"
2087,46,1042,1000007900,"10.11.0","2017-12-04 14:10:33","2017-12-04 14:10:33"
2242,46,1042,1000007901,"10.13.0","2017-12-04 14:18:35","2017-12-04 14:18:35"
2243,46,1043,1000007901,1.5,"2017-12-04 14:18:35","2017-12-04 14:18:35"
2088,46,1044,1000007900,1.71,"2017-12-04 14:10:33","2017-12-04 14:10:33"
2244,46,1044,1000007901,1.71,"2017-12-04 14:18:35","2017-12-04 14:18:35"
2090,46,1045,1000007900,1.71,"2017-12-04 14:10:33","2017-12-04 14:10:33"
2245,46,1045,1000007901,1.71,"2017-12-04 14:18:35","2017-12-04 14:18:35"
2091,46,1046,1000007900,1.12,"2017-12-04 14:10:33","2017-12-04 14:10:33"
2246,46,1046,1000007901,1.5,"2017-12-04 14:18:35","2017-12-04 14:18:35"
2093,46,1047,1000007900,1.0,"2017-12-04 14:10:33","2017-12-04 14:10:33"
2247,46,1047,1000007901,1.0,"2017-12-04 14:18:35","2017-12-04 14:18:35"
2094,46,1048,1000007900,1.0,"2017-12-04 14:10:33","2017-12-04 14:10:33"
2248,46,1048,1000007901,1.0,"2017-12-04 14:18:35","2017-12-04 14:18:35"
2096,46,1049,1000007900,12.7,"2017-12-04 14:10:33","2017-12-04 14:10:33"
2249,46,1049,1000007901,"12.6.2","2017-12-04 14:18:35","2017-12-04 14:18:35"
2097,46,1050,1000007900,10.0,"2017-12-04 14:10:33","2017-12-04 14:10:33"
2250,46,1050,1000007901,10.0,"2017-12-04 14:18:35","2017-12-04 14:18:35"
2098,46,1051,1000007900,10.0,"2017-12-04 14:10:33","2017-12-04 14:10:33"
2251,46,1051,1000007901,10.0,"2017-12-04 14:18:35","2017-12-04 14:18:35"
2099,46,1052,1000007900,1.0,"2017-12-04 14:10:33","2017-12-04 14:10:33"
2252,46,1052,1000007901,1.0,"2017-12-04 14:18:35","2017-12-04 14:18:35"
2100,46,1053,1000007900,1.71,"2017-12-04 14:10:33","2017-12-04 14:10:33"
2253,46,1053,1000007901,1.71,"2017-12-04 14:18:35","2017-12-04 14:18:35"
2102,46,1054,1000007900,7.0,"2017-12-04 14:10:34","2017-12-04 14:10:34"
2254,46,1054,1000007901,7.0,"2017-12-04 14:18:35","2017-12-04 14:18:35"
2103,46,1055,1000007900,1.0,"2017-12-04 14:10:34","2017-12-04 14:10:34"
2255,46,1055,1000007901,1.0,"2017-12-04 14:18:35","2017-12-04 14:18:35"
2104,46,1056,1000007900,1.0,"2017-12-04 14:10:34","2017-12-04 14:10:34"
2256,46,1056,1000007901,1.0,"2017-12-04 14:18:35","2017-12-04 14:18:35"
1929,46,1057,1000007900,12.4,"2017-12-04 14:10:31","2017-12-04 14:10:31"
1932,46,1058,1000007900,1.0,"2017-12-04 14:10:31","2017-12-04 14:10:31"
1933,46,1059,1000007900,1.0,"2017-12-04 14:10:31","2017-12-04 14:10:31"
1937,46,1060,1000007900,1.0,"2017-12-04 14:10:31","2017-12-04 14:10:31"
1940,46,1061,1000007900,1.0,"2017-12-04 14:10:31","2017-12-04 14:10:31"
1945,46,1062,1000007900,2.0,"2017-12-04 14:10:31","2017-12-04 14:10:31"
1946,46,1063,1000007900,"1.19.7","2017-12-04 14:10:31","2017-12-04 14:10:31"
1960,46,1064,1000007900,"2.1.1","2017-12-04 14:10:31","2017-12-04 14:10:31"
1961,46,1065,1000007900,1.0,"2017-12-04 14:10:31","2017-12-04 14:10:31"
1964,46,1066,1000007900,1.0,"2017-12-04 14:10:31","2017-12-04 14:10:31"
1965,46,1067,1000007900,1.0,"2017-12-04 14:10:31","2017-12-04 14:10:31"
1973,46,1068,1000007900,"17.03.1-ce-mac12","2017-12-04 14:10:31","2017-12-04 14:10:31"
1974,46,1069,1000007900,"39.4.49","2017-12-04 14:10:31","2017-12-04 14:10:31"
1975,46,1070,1000007900,"32.4.23","2017-12-04 14:10:32","2017-12-04 14:10:32"
1976,46,1071,1000007900,1.0,"2017-12-04 14:10:32","2017-12-04 14:10:32"
1978,46,1072,1000007900,1.0,"2017-12-04 14:10:32","2017-12-04 14:10:32"
1990,46,1073,1000007900,1.0,"2017-12-04 14:10:32","2017-12-04 14:10:32"
1991,46,1074,1000007900,"10.2.0","2017-12-04 14:10:32","2017-12-04 14:10:32"
1992,46,1075,1000007900,"0.21.GITGUI","2017-12-04 14:10:32","2017-12-04 14:10:32"
1998,46,1076,1000007900,10.0,"2017-12-04 14:10:32","2017-12-04 14:10:32"
2006,46,1077,1000007900,"5.5.1","2017-12-04 14:10:32","2017-12-04 14:10:32"
2010,46,1078,1000007900,7.3,"2017-12-04 14:10:32","2017-12-04 14:10:32"
2011,46,1079,1000007900,1.25,"2017-12-04 14:10:32","2017-12-04 14:10:32"
2027,46,1080,1000007900,1.0,"2017-12-04 14:10:32","2017-12-04 14:10:32"
2029,46,1081,1000007900,1.0,"2017-12-04 14:10:32","2017-12-04 14:10:32"
2030,46,1082,1000007900,1.0,"2017-12-04 14:10:32","2017-12-04 14:10:32"
2031,46,1083,1000007900,1.0,"2017-12-04 14:10:32","2017-12-04 14:10:32"
2032,46,1084,1000007900,4.3,"2017-12-04 14:10:32","2017-12-04 14:10:32"
2033,46,1085,1000007900,1.0,"2017-12-04 14:10:32","2017-12-04 14:10:32"
2034,46,1086,1000007900,1.0,"2017-12-04 14:10:32","2017-12-04 14:10:32"
2035,46,1087,1000007900,6.3,"2017-12-04 14:10:32","2017-12-04 14:10:32"
2036,46,1088,1000007900,1.1,"2017-12-04 14:10:32","2017-12-04 14:10:32"
2040,46,1089,1000007900,3.0,"2017-12-04 14:10:33","2017-12-04 14:10:33"
2043,46,1090,1000007900,1.0,"2017-12-04 14:10:33","2017-12-04 14:10:33"
2045,46,1091,1000007900,1.1,"2017-12-04 14:10:33","2017-12-04 14:10:33"
2046,46,1092,1000007900,1.0,"2017-12-04 14:10:33","2017-12-04 14:10:33"
2049,46,1093,1000007900,"2017.1.3","2017-12-04 14:10:33","2017-12-04 14:10:33"
2050,46,1094,1000007900,"0.9.0","2017-12-04 14:10:33","2017-12-04 14:10:33"
2051,46,1095,1000007900,1.0,"2017-12-04 14:10:33","2017-12-04 14:10:33"
2056,46,1096,1000007900,1.0,"2017-12-04 14:10:33","2017-12-04 14:10:33"
2059,46,1097,1000007900,"7.0.15","2017-12-04 14:10:33","2017-12-04 14:10:33"
2060,46,1098,1000007900,"7.0.14","2017-12-04 14:10:33","2017-12-04 14:10:33"
2062,46,1099,1000007900,3.0,"2017-12-04 14:10:33","2017-12-04 14:10:33"
2065,46,1100,1000007900,1.0,"2017-12-04 14:10:33","2017-12-04 14:10:33"
2067,46,1101,1000007900,2.0,"2017-12-04 14:10:33","2017-12-04 14:10:33"
2069,46,1102,1000007900,"1.2.1","2017-12-04 14:10:33","2017-12-04 14:10:33"
2073,46,1103,1000007900,"2.0-rc.4","2017-12-04 14:10:33","2017-12-04 14:10:33"
2077,46,1104,1000007900,"2.6.1","2017-12-04 14:10:33","2017-12-04 14:10:33"
2080,46,1105,1000007900,54.1,"2017-12-04 14:10:33","2017-12-04 14:10:33"
2081,46,1106,1000007900,1.0,"2017-12-04 14:10:33","2017-12-04 14:10:33"
2089,46,1107,1000007900,"v1.3 El Capitan","2017-12-04 14:10:33","2017-12-04 14:10:33"
2092,46,1108,1000007900,1.0,"2017-12-04 14:10:33","2017-12-04 14:10:33"
2095,46,1109,1000007900,"10.1.7","2017-12-04 14:10:33","2017-12-04 14:10:33"
2101,46,1110,1000007900,1.0,"2017-12-04 14:10:33","2017-12-04 14:10:33"
2257,46,1111,1000007902,"3.2.6","2017-12-04 15:13:54","2017-12-04 15:13:54"
2258,46,1112,1000007902,"1.5.0","2017-12-04 15:13:54","2017-12-04 15:13:54"
2259,46,1113,1000007902,"0.14.8","2017-12-04 15:13:54","2017-12-04 15:13:54"
2260,46,1114,1000007902,"1.6.0","2017-12-04 15:13:54","2017-12-04 15:13:54"
2261,46,1115,1000007902,"1.6.0","2017-12-04 15:13:54","2017-12-04 15:13:54"
2262,46,1116,1000007902,"1.4.0","2017-12-04 15:13:54","2017-12-04 15:13:54"
2263,46,1117,1000007902,"1.4.0","2017-12-04 15:13:54","2017-12-04 15:13:54"
2264,46,1118,1000007902,"1.4.0","2017-12-04 15:13:54","2017-12-04 15:13:54"
2265,46,1119,1000007902,"1.4.0","2017-12-04 15:13:54","2017-12-04 15:13:54"
2266,46,1120,1000007902,"1.2.4","2017-12-04 15:13:54","2017-12-04 15:13:54"
2267,46,1121,1000007902,"1.2.4","2017-12-04 15:13:54","2017-12-04 15:13:54"
2268,46,1122,1000007902,"1.4.0","2017-12-04 15:13:54","2017-12-04 15:13:54"
2269,46,1123,1000007902,"1.4.0","2017-12-04 15:13:54","2017-12-04 15:13:54"
2270,46,1124,1000007902,"1.4.0","2017-12-04 15:13:54","2017-12-04 15:13:54"
2271,46,1125,1000007902,"1.0.7","2017-12-04 15:13:54","2017-12-04 15:13:54"
2272,46,1126,1000007902,"1.0.7","2017-12-04 15:13:54","2017-12-04 15:13:54"
2273,46,1127,1000007902,"1.0.7","2017-12-04 15:13:54","2017-12-04 15:13:54"
2274,46,1128,1000007902,"1.0.7","2017-12-04 15:13:54","2017-12-04 15:13:54"
2275,46,1129,1000007902,"1.0.7","2017-12-04 15:13:54","2017-12-04 15:13:54"
2276,46,1130,1000007902,"1.0.7","2017-12-04 15:13:54","2017-12-04 15:13:54"
2277,46,1131,1000007902,"1.2.15","2017-12-04 15:13:54","2017-12-04 15:13:54"
2278,46,1132,1000007902,"0.0.16","2017-12-04 15:13:54","2017-12-04 15:13:54"
2279,46,1133,1000007902,"2.1.11","2017-12-04 15:13:54","2017-12-04 15:13:54"
2280,46,1134,1000007902,"2.1.11","2017-12-04 15:13:54","2017-12-04 15:13:54"
2281,46,1135,1000007902,"2.1.11","2017-12-04 15:13:54","2017-12-04 15:13:54"
2282,46,1136,1000007902,"2.1.11","2017-12-04 15:13:54","2017-12-04 15:13:54"
2283,46,1137,1000007902,"2.1.11","2017-12-04 15:13:54","2017-12-04 15:13:54"
2284,46,1138,1000007902,"2.1.11","2017-12-04 15:13:54","2017-12-04 15:13:54"
2285,46,1139,1000007902,"2.1.11","2017-12-04 15:13:54","2017-12-04 15:13:54"
2286,46,1140,1000007902,"2.1.11","2017-12-04 15:13:54","2017-12-04 15:13:54"
2287,46,1141,1000007902,"2.1.11","2017-12-04 15:13:54","2017-12-04 15:13:54"
2288,46,1142,1000007902,"2.1.11","2017-12-04 15:13:54","2017-12-04 15:13:54"
2289,46,1143,1000007902,"2.1.11","2017-12-04 15:13:54","2017-12-04 15:13:54"
2290,46,1144,1000007902,"2.1.11","2017-12-04 15:13:54","2017-12-04 15:13:54"
2291,46,1145,1000007902,"2.1.11","2017-12-04 15:13:54","2017-12-04 15:13:54"
2292,46,1146,1000007902,"2.1.11","2017-12-04 15:13:54","2017-12-04 15:13:54"
2293,46,1147,1000007902,"2.1.11","2017-12-04 15:13:54","2017-12-04 15:13:54"
2294,46,1148,1000007902,"2.1.11","2017-12-04 15:13:54","2017-12-04 15:13:54"
2295,46,1149,1000007902,"2.1.11","2017-12-04 15:13:54","2017-12-04 15:13:54"
2296,46,1150,1000007902,"0.6.35","2017-12-04 15:13:54","2017-12-04 15:13:54"
2297,46,1151,1000007902,"0.8.1","2017-12-04 15:13:54","2017-12-04 15:13:54"
2298,46,1152,1000007902,"3.14.1","2017-12-04 15:13:54","2017-12-04 15:13:54"
2299,46,1153,1000007902,"3.14.2.2","2017-12-04 15:13:54","2017-12-04 15:13:54"
2300,46,1154,1000007902,"3.14.1","2017-12-04 15:13:54","2017-12-04 15:13:54"
2301,46,1155,1000007902,30,"2017-12-04 15:13:54","2017-12-04 15:13:54"
2302,46,1156,1000007902,"1.0.28","2017-12-04 15:13:54","2017-12-04 15:13:54"
2303,46,1157,1000007902,"1.1.1","2017-12-04 15:13:55","2017-12-04 15:13:55"
2304,46,1158,1000007902,"1.1.1","2017-12-04 15:13:55","2017-12-04 15:13:55"
2305,46,1159,1000007902,"1.1.0","2017-12-04 15:13:55","2017-12-04 15:13:55"
2306,46,1160,1000007902,"21.48.22.93","2017-12-04 15:13:55","2017-12-04 15:13:55"
2307,46,1161,1000007902,"21.48.22.93","2017-12-04 15:13:55","2017-12-04 15:13:55"
2308,46,1162,1000007902,"21.48.22.93","2017-12-04 15:13:55","2017-12-04 15:13:55"
2309,46,1163,1000007902,"21.48.22.93","2017-12-04 15:13:55","2017-12-04 15:13:55"
2310,46,1164,1000007902,"21.48.22.93","2017-12-04 15:13:55","2017-12-04 15:13:55"
2311,46,1165,1000007902,7,"2017-12-04 15:13:55","2017-12-04 15:13:55"
2312,46,1166,1000007902,"2.14.1","2017-12-04 15:13:55","2017-12-04 15:13:55"
2313,46,1167,1000007902,"2.14.0","2017-12-04 15:13:55","2017-12-04 15:13:55"
2314,46,1168,1000007902,"2.22.7","2017-12-04 15:13:55","2017-12-04 15:13:55"
2315,46,1169,1000007902,"2.4.46","2017-12-04 15:13:55","2017-12-04 15:13:55"
2316,46,1170,1000007902,"2.6.5","2017-12-04 15:13:55","2017-12-04 15:13:55"
2317,46,1171,1000007902,"2.6.5","2017-12-04 15:13:55","2017-12-04 15:13:55"
